player,runs,balls_faced,fours,sixes,dot_balls_bat,matches_bat,strike_rate,boundaries_per_100_balls,dot_ball_rate_bat,legal_balls,runs_conceded,wickets,dot_balls_bowl,matches_bowl,economy,wicket_rate_per_100_balls,dot_ball_rate_bowl,role,batting_score,bowling_score,overall_score
A Ashish Reddy,280.0,193.0,16.0,15.0,56.0,23.0,145.0777202072539,16.06217616580311,29.015544041450774,262.0,386.0,18.0,79.0,20.0,8.839694656488549,6.870229007633588,30.15267175572519,All-rounder,91.55440414507773,10.042748091603055,91.55440414507773
A Badoni,1178.0,834.0,96.0,47.0,256.0,56.0,141.24700239808155,17.1462829736211,30.69544364508393,41.0,63.0,4.0,8.0,8.0,9.21951219512195,9.75609756097561,19.51219512195122,All-rounder,89.62829736211032,8.917073170731708,89.62829736211032
A Chandila,4.0,7.0,0.0,0.0,3.0,2.0,57.14285714285714,0.0,42.857142857142854,234.0,242.0,11.0,103.0,12.0,6.205128205128206,4.700854700854701,44.01709401709402,All-rounder,40.0,13.001709401709402,40.0
A Chopra,53.0,71.0,7.0,0.0,40.0,6.0,74.64788732394366,9.859154929577464,56.33802816901409,0.0,0.0,0.0,0.0,0.0,0.0,0.0,0.0,Limited-sample batter,49.014084507042256,4.800000000000001,49.014084507042256
A Choudhary,25.0,20.0,1.0,1.0,4.0,3.0,125.0,10.0,20.0,101.0,137.0,5.0,42.0,5.0,8.138613861386139,4.9504950495049505,41.584158415841586,All-rounder,81.5,11.841584158415841,81.5
A Dananjaya,4.0,5.0,0.0,0.0,2.0,1.0,80.0,0.0,40.0,24.0,46.0,0.0,6.0,1.0,11.5,0.0,25.0,All-rounder,52.0,5.2,52.0
A Flintoff,62.0,53.0,5.0,2.0,17.0,3.0,116.98113207547169,13.20754716981132,32.075471698113205,66.0,105.0,2.0,20.0,3.0,9.545454545454545,3.0303030303030303,30.303030303030305,All-rounder,76.0377358490566,8.254545454545456,76.0377358490566
A Kamboj,74.0,50.0,5.0,4.0,12.0,10.0,148.0,18.0,24.0,491.0,794.0,31.0,186.0,25.0,9.70264765784114,6.313645621181263,37.88187372708758,All-rounder,94.60000000000001,11.020773930753565,94.60000000000001
A Kumble,35.0,47.0,3.0,0.0,20.0,15.0,74.46808510638297,6.382978723404255,42.5531914893617,965.0,1027.0,45.0,374.0,42.0,6.385492227979276,4.66321243523316,38.75647668393783,All-rounder,50.638297872340424,11.86238341968912,50.638297872340424
A Manohar,292.0,235.0,23.0,14.0,90.0,20.0,124.25531914893617,15.74468085106383,38.297872340425535,0.0,0.0,0.0,0.0,0.0,0.0,0.0,0.0,Limited-sample batter,79.19148936170212,4.800000000000001,79.19148936170212
A Mhatre,441.0,239.0,51.0,23.0,79.0,13.0,184.51882845188285,30.962343096234306,33.054393305439326,0.0,0.0,0.0,0.0,0.0,0.0,0.0,0.0,Limited-sample batter,114.93723849372385,4.800000000000001,114.93723849372385
A Mishra,381.0,417.0,31.0,5.0,168.0,55.0,91.36690647482014,8.633093525179856,40.28776978417266,3371.0,4065.0,174.0,1185.0,162.0,7.235241768021359,5.161673094037377,35.15277365766835,All-rounder,60.21582733812949,11.001127261940077,60.21582733812949
A Mithun,34.0,26.0,4.0,1.0,9.0,6.0,130.76923076923077,19.230769230769234,34.61538461538461,288.0,448.0,7.0,90.0,16.0,9.333333333333334,2.430555555555556,31.25,All-rounder,84.23076923076924,8.288888888888888,84.23076923076924
A Mukund,19.0,22.0,1.0,0.0,8.0,2.0,86.36363636363636,4.545454545454546,36.36363636363637,0.0,0.0,0.0,0.0,0.0,0.0,0.0,0.0,Limited-sample batter,57.27272727272727,4.800000000000001,57.27272727272727
A Nehra,41.0,60.0,3.0,1.0,31.0,17.0,68.33333333333333,6.666666666666667,51.66666666666667,1908.0,2422.0,106.0,798.0,88.0,7.616352201257861,5.555555555555555,41.82389937106918,All-rounder,45.83333333333333,12.340461215932914,45.83333333333333
A Nel,0.0,0.0,0.0,0.0,0.0,0.0,0.0,0.0,0.0,18.0,31.0,1.0,7.0,1.0,10.333333333333334,5.555555555555555,38.88888888888889,Limited-sample bowler,20.0,10.666666666666668,20.0
A Nortje,49.0,50.0,6.0,0.0,23.0,14.0,98.0,12.0,46.0,1120.0,1631.0,61.0,422.0,49.0,8.7375,5.446428571428571,37.67857142857143,All-rounder,63.400000000000006,11.019285714285715,63.400000000000006
A Raghuvanshi,885.0,606.0,86.0,35.0,180.0,30.0,146.03960396039605,19.966996699669966,29.7029702970297,0.0,0.0,0.0,0.0,0.0,0.0,0.0,0.0,Aggressive batter,93.06930693069307,4.800000000000001,93.06930693069307
A Singh,2.0,9.0,0.0,0.0,7.0,5.0,22.22222222222222,0.0,77.77777777777779,473.0,603.0,28.0,189.0,23.0,7.649048625792812,5.9196617336152215,39.95771670190275,All-rounder,15.555555555555554,12.099788583509515,15.555555555555554
A Symonds,974.0,745.0,74.0,41.0,262.0,36.0,130.73825503355704,15.436241610738255,35.16778523489933,527.0,656.0,20.0,190.0,30.0,7.468690702087287,3.795066413662239,36.05313092979127,All-rounder,82.96644295302013,10.541176470588235,82.96644295302013
A Tomar,4.0,8.0,1.0,0.0,7.0,1.0,50.0,12.5,87.5,0.0,0.0,0.0,0.0,0.0,0.0,0.0,0.0,Limited-sample batter,31.25,4.800000000000001,31.25
A Uniyal,4.0,7.0,0.0,0.0,3.0,2.0,57.14285714285714,0.0,42.857142857142854,36.0,64.0,2.0,8.0,2.0,10.666666666666666,5.555555555555555,22.22222222222222,All-rounder,40.0,7.200000000000001,40.0
A Zampa,15.0,24.0,1.0,0.0,12.0,5.0,62.5,4.166666666666666,50.0,467.0,639.0,31.0,139.0,22.0,8.20985010706638,6.638115631691649,29.764453961456105,All-rounder,42.5,10.12419700214133,42.5
AA Bilakhia,69.0,84.0,5.0,0.0,36.0,7.0,82.14285714285714,5.952380952380952,42.857142857142854,0.0,0.0,0.0,0.0,0.0,0.0,0.0,0.0,Limited-sample batter,54.285714285714285,4.800000000000001,54.285714285714285
AA Chavan,12.0,11.0,2.0,0.0,5.0,3.0,109.09090909090908,18.181818181818183,45.45454545454545,248.0,318.0,8.0,100.0,13.0,7.693548387096774,3.225806451612903,40.32258064516129,All-rounder,70.9090909090909,11.07741935483871,70.9090909090909
AA Jhunjhunwala,217.0,209.0,19.0,5.0,86.0,15.0,103.82775119617224,11.483253588516746,41.14832535885167,85.0,126.0,1.0,27.0,10.0,8.894117647058824,1.1764705882352942,31.76470588235294,All-rounder,67.12918660287082,8.065882352941177,67.12918660287082
AA Kazi,0.0,0.0,0.0,0.0,0.0,0.0,0.0,0.0,0.0,12.0,20.0,0.0,2.0,1.0,10.0,0.0,16.666666666666664,Limited-sample bowler,20.0,4.133333333333333,20.0
AA Kulkarni,26.0,33.0,3.0,0.0,19.0,4.0,78.78787878787878,9.090909090909092,57.57575757575758,0.0,0.0,0.0,0.0,0.0,0.0,0.0,0.0,Limited-sample batter,50.6060606060606,4.800000000000001,50.6060606060606
AA Noffke,9.0,10.0,1.0,0.0,4.0,1.0,90.0,10.0,40.0,24.0,35.0,1.0,6.0,1.0,8.75,4.166666666666666,25.0,All-rounder,60.0,7.966666666666667,60.0
AB Agarkar,179.0,151.0,13.0,5.0,49.0,18.0,118.5430463576159,11.920529801324504,32.450331125827816,782.0,1112.0,29.0,254.0,42.0,8.531969309462916,3.70843989769821,32.48081841432225,All-rounder,76.35761589403974,9.366751918158569,76.35761589403974
AB Barath,42.0,42.0,5.0,1.0,20.0,3.0,100.0,14.285714285714285,47.61904761904761,0.0,0.0,0.0,0.0,0.0,0.0,0.0,0.0,Limited-sample batter,64.76190476190476,4.800000000000001,64.76190476190476
AB Dinda,26.0,48.0,2.0,0.0,27.0,16.0,54.166666666666664,4.166666666666666,56.25,1516.0,1987.0,69.0,627.0,75.0,7.864116094986808,4.5514511873350925,41.35883905013193,All-rounder,37.08333333333333,11.7467018469657,37.08333333333333
AB McDonald,123.0,100.0,9.0,4.0,31.0,9.0,123.0,13.0,31.0,186.0,259.0,11.0,50.0,10.0,8.35483870967742,5.913978494623656,26.881720430107524,All-rounder,79.2,9.2,79.2
AB de Villiers,5181.0,3400.0,414.0,253.0,983.0,170.0,152.3823529411765,19.61764705882353,28.911764705882355,0.0,0.0,0.0,0.0,0.0,0.0,0.0,0.0,Aggressive batter,96.29411764705884,4.800000000000001,96.29411764705884
AC Blizzard,120.0,90.0,21.0,2.0,45.0,7.0,133.33333333333331,25.555555555555554,50.0,0.0,0.0,0.0,0.0,0.0,0.0,0.0,0.0,Limited-sample batter,84.33333333333333,4.800000000000001,84.33333333333333
AC Gilchrist,2069.0,1483.0,239.0,92.0,628.0,80.0,139.51449763991909,22.31962238705327,42.3465947403911,1.0,0.0,1.0,1.0,1.0,0.0,100.0,100.0,All-rounder,87.9838165879973,64.8,87.9838165879973
AC Thomas,20.0,19.0,1.0,1.0,8.0,4.0,105.26315789473684,10.526315789473683,42.10526315789473,315.0,394.0,14.0,126.0,15.0,7.504761904761905,4.444444444444445,40.0,All-rounder,67.36842105263158,11.575873015873016,67.36842105263158
AC Voges,181.0,143.0,15.0,3.0,38.0,7.0,126.57342657342659,12.587412587412588,26.573426573426573,54.0,74.0,0.0,15.0,7.0,8.222222222222223,0.0,27.77777777777778,All-rounder,81.74825174825176,7.066666666666667,81.74825174825176
AD Hales,148.0,117.0,13.0,6.0,46.0,6.0,126.49572649572649,16.23931623931624,39.31623931623932,0.0,0.0,0.0,0.0,0.0,0.0,0.0,0.0,Limited-sample batter,80.25641025641025,4.800000000000001,80.25641025641025
AD Mascarenhas,79.0,78.0,5.0,1.0,27.0,11.0,101.28205128205127,7.6923076923076925,34.61538461538461,308.0,353.0,19.0,124.0,13.0,6.876623376623376,6.1688311688311686,40.25974025974026,All-rounder,66.02564102564102,12.56883116883117,66.02564102564102
AD Mathews,724.0,573.0,44.0,29.0,176.0,41.0,126.35253054101221,12.739965095986038,30.715532286212916,791.0,1054.0,27.0,224.0,44.0,7.994943109987358,3.4134007585335016,28.31858407079646,All-rounder,80.85514834205934,8.63109987357775,80.85514834205934
AD Nath,90.0,98.0,7.0,2.0,44.0,10.0,91.83673469387756,9.183673469387756,44.89795918367347,0.0,0.0,0.0,0.0,0.0,0.0,0.0,0.0,Limited-sample batter,59.693877551020414,4.800000000000001,59.693877551020414
AD Russell,2655.0,1508.0,187.0,223.0,580.0,114.0,176.06100795755967,27.18832891246684,38.46153846153847,1806.0,2773.0,123.0,612.0,121.0,9.212624584717608,6.810631229235881,33.88704318936877,All-rounder,108.49469496021219,10.616611295681064,108.49469496021219
AF Milne,25.0,31.0,0.0,1.0,14.0,7.0,80.64516129032258,3.225806451612903,45.16129032258064,227.0,352.0,7.0,71.0,11.0,9.303964757709252,3.0837004405286343,31.277533039647576,All-rounder,52.25806451612903,8.567400881057267,52.25806451612903
AG Murtaza,10.0,14.0,1.0,0.0,7.0,3.0,71.42857142857143,7.142857142857142,50.0,264.0,304.0,9.0,101.0,12.0,6.90909090909091,3.4090909090909087,38.25757575757576,All-rounder,47.85714285714286,11.05151515151515,47.85714285714286
AG Paunikar,49.0,55.0,9.0,0.0,35.0,5.0,89.0909090909091,16.363636363636363,63.63636363636363,0.0,0.0,0.0,0.0,0.0,0.0,0.0,0.0,Limited-sample batter,56.72727272727273,4.800000000000001,56.72727272727273
AJ Finch,2092.0,1626.0,214.0,78.0,628.0,90.0,128.65928659286593,17.958179581795818,38.622386223862236,43.0,66.0,1.0,13.0,5.0,9.209302325581396,2.3255813953488373,30.23255813953488,All-rounder,81.99261992619927,8.093023255813954,81.99261992619927
AJ Hosein,21.0,13.0,1.0,1.0,3.0,3.0,161.53846153846155,15.384615384615385,23.076923076923077,172.0,235.0,9.0,63.0,8.0,8.19767441860465,5.232558139534884,36.627906976744185,All-rounder,100.76923076923077,10.939534883720931,100.76923076923077
AJ Turner,24.0,28.0,0.0,2.0,13.0,6.0,85.71428571428571,7.142857142857142,46.42857142857143,0.0,0.0,0.0,0.0,0.0,0.0,0.0,0.0,Limited-sample batter,55.714285714285715,4.800000000000001,55.714285714285715
AJ Tye,91.0,75.0,6.0,5.0,30.0,13.0,121.33333333333334,14.666666666666666,40.0,684.0,949.0,42.0,208.0,30.0,8.32456140350877,6.140350877192982,30.409356725146196,All-rounder,77.06666666666668,10.008187134502924,77.06666666666668
AK Markram,1671.0,1228.0,131.0,68.0,365.0,66.0,136.07491856677524,16.205211726384363,29.723127035830622,223.0,350.0,6.0,55.0,24.0,9.417040358744394,2.690582959641256,24.663677130044842,All-rounder,86.9543973941368,7.042152466367714,86.9543973941368
AL Menaria,401.0,354.0,24.0,18.0,138.0,23.0,113.27683615819208,11.864406779661017,38.983050847457626,110.0,140.0,3.0,40.0,12.0,7.636363636363637,2.727272727272727,36.36363636363637,All-rounder,72.40112994350282,10.10909090909091,72.40112994350282
AM Ghazanfar,2.0,3.0,0.0,0.0,1.0,1.0,66.66666666666666,0.0,33.33333333333333,233.0,383.0,15.0,69.0,11.0,9.862660944206008,6.437768240343347,29.613733905579398,All-rounder,46.666666666666664,9.352789699570817,46.666666666666664
AM Nayar,672.0,573.0,55.0,20.0,201.0,50.0,117.27748691099475,13.089005235602095,35.07853403141361,229.0,311.0,9.0,69.0,19.0,8.148471615720524,3.9301310043668125,30.131004366812224,All-rounder,75.54973821989529,9.138864628820961,75.54973821989529
AM Rahane,5367.0,4269.0,540.0,141.0,1486.0,197.0,125.72030920590302,15.95221363316936,34.80908877957367,6.0,5.0,1.0,2.0,1.0,5.0,16.666666666666664,33.33333333333333,All-rounder,80.68400093698759,16.133333333333333,80.68400093698759
AM Salvi,0.0,0.0,0.0,0.0,0.0,0.0,0.0,0.0,0.0,150.0,190.0,7.0,57.0,7.0,7.6,4.666666666666667,38.0,Limited-sample bowler,20.0,11.226666666666667,20.0
AN Ahmed,36.0,26.0,4.0,1.0,9.0,6.0,138.46153846153845,19.230769230769234,34.61538461538461,344.0,467.0,12.0,120.0,17.0,8.145348837209301,3.488372093023256,34.883720930232556,All-rounder,88.07692307692308,9.913953488372094,88.07692307692308
AN Ghosh,7.0,8.0,1.0,0.0,5.0,2.0,87.5,12.5,62.5,0.0,0.0,0.0,0.0,0.0,0.0,0.0,0.0,Limited-sample batter,55.0,4.800000000000001,55.0
AP Dole,34.0,22.0,3.0,1.0,6.0,2.0,154.54545454545453,18.181818181818183,27.27272727272727,66.0,105.0,5.0,20.0,3.0,9.545454545454545,7.575757575757576,30.303030303030305,All-rounder,97.27272727272727,10.072727272727274,97.27272727272727
AP Majumdar,87.0,76.0,7.0,2.0,25.0,4.0,114.4736842105263,11.842105263157894,32.89473684210527,0.0,0.0,0.0,0.0,0.0,0.0,0.0,0.0,Limited-sample batter,74.21052631578947,4.800000000000001,74.21052631578947
AP Tare,339.0,272.0,40.0,11.0,124.0,27.0,124.63235294117648,18.75,45.588235294117645,0.0,0.0,0.0,0.0,0.0,0.0,0.0,0.0,Limited-sample batter,78.8235294117647,4.800000000000001,78.8235294117647
AR Bawne,12.0,12.0,1.0,0.0,4.0,1.0,100.0,8.333333333333332,33.33333333333333,0.0,0.0,0.0,0.0,0.0,0.0,0.0,0.0,Limited-sample batter,65.83333333333334,4.800000000000001,65.83333333333334
AR Patel,2089.0,1556.0,146.0,100.0,491.0,134.0,134.25449871465295,15.809768637532134,31.555269922879177,3585.0,4369.0,139.0,1167.0,173.0,7.312133891213389,3.877266387726639,32.55230125523013,All-rounder,85.55912596401028,9.936513249651327,85.55912596401028
AS Joseph,27.0,32.0,3.0,0.0,15.0,5.0,84.375,9.375,46.875,434.0,669.0,21.0,162.0,22.0,9.248847926267281,4.838709677419355,37.327188940092164,All-rounder,55.625,10.501382488479262,55.625
AS Rajpoot,26.0,41.0,2.0,1.0,26.0,7.0,63.41463414634146,7.317073170731707,63.41463414634146,529.0,772.0,24.0,192.0,29.0,8.756143667296787,4.536862003780719,36.29489603024575,All-rounder,41.21951219512195,10.371266540642726,41.21951219512195
AS Raut,194.0,167.0,13.0,7.0,62.0,16.0,116.1676646706587,11.976047904191617,37.12574850299401,30.0,44.0,0.0,6.0,5.0,8.799999999999999,0.0,20.0,All-rounder,74.25149700598803,5.28,74.25149700598803
AS Roy,78.0,64.0,6.0,2.0,22.0,14.0,121.875,12.5,34.375,323.0,450.0,15.0,106.0,22.0,8.359133126934985,4.643962848297214,32.81733746130031,All-rounder,77.8125,9.877399380804954,77.8125
AS Yadav,49.0,39.0,5.0,2.0,15.0,6.0,125.64102564102564,17.94871794871795,38.46153846153847,0.0,0.0,0.0,0.0,0.0,0.0,0.0,0.0,Limited-sample batter,80.51282051282051,4.800000000000001,80.51282051282051
AT Carey,32.0,29.0,0.0,1.0,6.0,3.0,110.34482758620689,3.4482758620689653,20.689655172413794,0.0,0.0,0.0,0.0,0.0,0.0,0.0,0.0,Limited-sample batter,72.06896551724138,4.800000000000001,72.06896551724138
AT Rayudu,4348.0,3391.0,359.0,173.0,1142.0,185.0,128.2217634915954,15.68858743733412,33.67738130345031,0.0,0.0,0.0,0.0,0.0,0.0,0.0,0.0,Anchor / accumulator,82.08198171630787,4.800000000000001,82.08198171630787
AU Rashid,22.0,15.0,2.0,1.0,7.0,2.0,146.66666666666666,20.0,46.666666666666664,60.0,91.0,2.0,20.0,3.0,9.1,3.3333333333333335,33.33333333333333,All-rounder,90.0,9.16,90.0
AUK Pathan,39.0,23.0,5.0,2.0,11.0,7.0,169.56521739130434,30.434782608695656,47.82608695652174,39.0,57.0,0.0,9.0,3.0,8.769230769230768,0.0,23.076923076923077,All-rounder,104.34782608695653,5.907692307692309,104.34782608695653
Abdul Basith,1.0,1.0,0.0,0.0,0.0,1.0,100.0,0.0,0.0,0.0,0.0,0.0,0.0,0.0,0.0,0.0,0.0,Limited-sample batter,70.0,4.800000000000001,70.0
Abdul Samad,859.0,575.0,55.0,55.0,185.0,58.0,149.3913043478261,19.130434782608695,32.17391304347826,57.0,120.0,2.0,12.0,7.0,12.631578947368421,3.508771929824561,21.052631578947366,All-rounder,94.0,5.614035087719298,94.0
Abdur Razzak,0.0,2.0,0.0,0.0,2.0,1.0,0.0,0.0,100.0,12.0,23.0,0.0,5.0,1.0,11.5,0.0,41.66666666666667,All-rounder,0.0,8.533333333333333,8.533333333333333
Abhinandan Singh,0.0,0.0,0.0,0.0,0.0,0.0,0.0,0.0,0.0,58.0,120.0,3.0,15.0,3.0,12.413793103448278,5.172413793103448,25.862068965517242,Limited-sample bowler,20.0,7.241379310344827,20.0
Abhishek Sharma,2379.0,1383.0,224.0,144.0,465.0,89.0,172.0173535791757,26.60882140274765,33.622559652928416,365.0,540.0,11.0,97.0,36.0,8.876712328767123,3.0136986301369864,26.575342465753426,All-rounder,107.26681127982647,7.7698630136986315,107.26681127982647
Abishek Porel,769.0,528.0,80.0,28.0,173.0,33.0,145.6439393939394,20.454545454545457,32.765151515151516,0.0,0.0,0.0,0.0,0.0,0.0,0.0,0.0,Aggressive batter,92.40530303030305,4.800000000000001,92.40530303030305
Akash Deep,25.0,14.0,2.0,2.0,5.0,5.0,178.57142857142858,28.57142857142857,35.714285714285715,278.0,520.0,10.0,89.0,14.0,11.223021582733812,3.597122302158273,32.014388489208635,All-rounder,110.71428571428572,8.152517985611512,110.71428571428572
Akash Madhwal,8.0,14.0,0.0,0.0,6.0,2.0,57.14285714285714,0.0,42.857142857142854,352.0,562.0,23.0,105.0,17.0,9.579545454545455,6.534090909090909,29.829545454545453,All-rounder,40.0,9.547727272727272,40.0
Akash Singh,0.0,0.0,0.0,0.0,0.0,0.0,0.0,0.0,0.0,247.0,393.0,13.0,91.0,12.0,9.546558704453442,5.263157894736842,36.84210526315789,Limited-sample bowler,20.0,10.45506072874494,20.0
Akshat Raghuwanshi,29.0,25.0,1.0,1.0,6.0,2.0,115.99999999999999,8.0,24.0,0.0,0.0,0.0,0.0,0.0,0.0,0.0,0.0,Limited-sample batter,75.6,4.800000000000001,75.6
Aman Hakim Khan,115.0,104.0,8.0,6.0,48.0,10.0,110.57692307692308,13.461538461538462,46.15384615384615,6.0,13.0,0.0,1.0,1.0,13.0,0.0,16.666666666666664,All-rounder,70.09615384615385,3.333333333333333,70.09615384615385
Anand Rajan,0.0,0.0,0.0,0.0,0.0,0.0,0.0,0.0,0.0,149.0,188.0,8.0,57.0,8.0,7.570469798657718,5.369127516778524,38.25503355704698,Limited-sample bowler,20.0,11.570469798657719,20.0
Aniket Verma,315.0,196.0,18.0,25.0,65.0,20.0,160.71428571428572,21.93877551020408,33.16326530612245,0.0,0.0,0.0,0.0,0.0,0.0,0.0,0.0,Limited-sample batter,100.3061224489796,4.800000000000001,100.3061224489796
Anirudh Singh,63.0,66.0,6.0,1.0,31.0,4.0,95.45454545454545,10.606060606060606,46.96969696969697,0.0,0.0,0.0,0.0,0.0,0.0,0.0,0.0,Limited-sample batter,61.515151515151516,4.800000000000001,61.515151515151516
Ankit Sharma,87.0,67.0,7.0,4.0,27.0,10.0,129.8507462686567,16.417910447761194,40.298507462686565,367.0,436.0,12.0,137.0,21.0,7.128065395095367,3.2697547683923704,37.32970027247956,All-rounder,81.79104477611939,10.722615803814715,81.79104477611939
Ankit Soni,7.0,9.0,0.0,1.0,5.0,3.0,77.77777777777779,11.11111111111111,55.55555555555556,109.0,141.0,2.0,37.0,6.0,7.761467889908257,1.834862385321101,33.94495412844037,All-rounder,51.111111111111114,9.218348623853213,51.111111111111114
Anmolpreet Singh,139.0,115.0,19.0,3.0,53.0,9.0,120.8695652173913,19.130434782608695,46.08695652173913,0.0,0.0,0.0,0.0,0.0,0.0,0.0,0.0,Limited-sample batter,76.95652173913042,4.800000000000001,76.95652173913042
Anuj Rawat,318.0,267.0,26.0,14.0,105.0,21.0,119.10112359550563,14.981273408239701,39.325842696629216,0.0,0.0,0.0,0.0,0.0,0.0,0.0,0.0,Limited-sample batter,76.17977528089887,4.800000000000001,76.17977528089887
Anureet Singh,36.0,47.0,2.0,1.0,18.0,8.0,76.59574468085107,6.382978723404255,38.297872340425535,412.0,601.0,18.0,139.0,22.0,8.752427184466018,4.368932038834951,33.737864077669904,All-rounder,52.55319148936171,9.794174757281555,52.55319148936171
Arjun Tendulkar,18.0,14.0,0.0,1.0,3.0,2.0,128.57142857142858,7.142857142857142,21.428571428571427,97.0,140.0,4.0,36.0,6.0,8.65979381443299,4.123711340206185,37.11340206185567,All-rounder,82.14285714285714,10.408247422680414,82.14285714285714
Arshad Khan,142.0,95.0,6.0,11.0,33.0,12.0,149.4736842105263,17.894736842105264,34.73684210526316,364.0,630.0,18.0,133.0,24.0,10.384615384615385,4.945054945054945,36.53846153846153,All-rounder,93.1578947368421,9.93186813186813,93.1578947368421
Arshad Khan (2),5.0,4.0,1.0,0.0,2.0,1.0,125.0,25.0,50.0,12.0,22.0,0.0,4.0,1.0,11.0,0.0,33.33333333333333,All-rounder,80.0,7.066666666666666,80.0
Arshdeep Singh,32.0,47.0,4.0,0.0,30.0,14.0,68.08510638297872,8.51063829787234,63.829787234042556,2032.0,2963.0,111.0,714.0,95.0,8.749015748031496,5.46259842519685,35.13779527559055,All-rounder,43.829787234042556,10.512992125984251,43.829787234042556
Ashok Sharma,1.0,4.0,0.0,0.0,3.0,2.0,25.0,0.0,75.0,126.0,217.0,6.0,48.0,6.0,10.333333333333334,4.761904761904762,38.095238095238095,All-rounder,17.5,10.19047619047619,17.5
Ashutosh Sharma,564.0,328.0,39.0,40.0,96.0,26.0,171.9512195121951,24.085365853658537,29.268292682926827,0.0,0.0,0.0,0.0,0.0,0.0,0.0,0.0,Aggressive batter,107.34756097560975,4.800000000000001,107.34756097560975
Ashwani Kumar,1.0,6.0,0.0,0.0,5.0,1.0,16.666666666666664,0.0,83.33333333333334,183.0,321.0,17.0,57.0,10.0,10.524590163934427,9.289617486338798,31.147540983606557,All-rounder,11.666666666666664,10.535519125683061,11.666666666666664
Atharva Taide,260.0,177.0,30.0,8.0,58.0,10.0,146.89265536723164,21.468926553672315,32.7683615819209,1.0,4.0,0.0,0.0,1.0,24.0,0.0,0.0,All-rounder,93.33333333333333,0.0,93.33333333333333
Auqib Nabi,14.0,3.0,2.0,1.0,1.0,2.0,466.6666666666667,100.0,33.33333333333333,78.0,143.0,0.0,24.0,5.0,11.0,0.0,30.76923076923077,All-rounder,276.6666666666667,6.5538461538461545,276.6666666666667
Avesh Khan,68.0,43.0,7.0,4.0,18.0,16.0,158.13953488372093,25.581395348837212,41.86046511627907,1767.0,2651.0,93.0,610.0,82.0,9.00169779286927,5.263157894736842,34.521788341822294,All-rounder,98.37209302325581,10.208941709111487,98.37209302325581
Azhar Mahmood,388.0,303.0,39.0,13.0,107.0,21.0,128.05280528052805,17.16171617161716,35.31353135313531,537.0,681.0,29.0,199.0,23.0,7.608938547486034,5.400372439478584,37.05772811918063,All-rounder,82.11221122112211,11.328119180633147,82.11221122112211
Azmatullah Omarzai,151.0,101.0,11.0,10.0,37.0,11.0,149.5049504950495,20.792079207920793,36.633663366336634,354.0,551.0,15.0,118.0,18.0,9.338983050847457,4.23728813559322,33.33333333333333,All-rounder,93.66336633663367,9.425988700564972,93.66336633663367
B Akhil,76.0,55.0,5.0,5.0,22.0,11.0,138.1818181818182,18.181818181818183,40.0,188.0,235.0,6.0,60.0,13.0,7.5,3.1914893617021276,31.914893617021278,All-rounder,86.54545454545455,9.459574468085108,86.54545454545455
B Chipli,280.0,250.0,28.0,7.0,101.0,21.0,112.00000000000001,14.000000000000002,40.400000000000006,6.0,20.0,0.0,1.0,1.0,20.0,0.0,16.666666666666664,All-rounder,72.12,3.333333333333333,72.12
B Geeves,0.0,0.0,0.0,0.0,0.0,0.0,0.0,0.0,0.0,48.0,90.0,1.0,15.0,2.0,11.25,2.083333333333333,31.25,Limited-sample bowler,20.0,7.383333333333333,20.0
B Indrajith,21.0,30.0,2.0,0.0,17.0,3.0,70.0,6.666666666666667,56.666666666666664,0.0,0.0,0.0,0.0,0.0,0.0,0.0,0.0,Limited-sample batter,45.66666666666667,4.800000000000001,45.66666666666667
B Kumar,354.0,376.0,34.0,4.0,163.0,75.0,94.14893617021278,10.106382978723403,43.351063829787236,4600.0,5708.0,226.0,1897.0,206.0,7.4452173913043485,4.913043478260869,41.23913043478261,All-rounder,61.436170212765965,12.03495652173913,61.436170212765965
B Laughlin,5.0,13.0,0.0,0.0,8.0,4.0,38.46153846153847,0.0,61.53846153846154,168.0,271.0,10.0,42.0,9.0,9.678571428571429,5.952380952380952,25.0,All-rounder,26.923076923076927,8.30952380952381,26.923076923076927
B Lee,124.0,96.0,8.0,8.0,38.0,19.0,129.16666666666669,16.666666666666664,39.58333333333333,875.0,1042.0,25.0,374.0,38.0,7.145142857142857,2.857142857142857,42.74285714285714,All-rounder,81.66666666666669,11.63337142857143,81.66666666666669
B Muzarabani,0.0,0.0,0.0,0.0,0.0,0.0,0.0,0.0,0.0,42.0,73.0,4.0,12.0,2.0,10.428571428571429,9.523809523809524,28.57142857142857,Limited-sample bowler,20.0,10.152380952380952,20.0
B Sai Sudharsan,2515.0,1674.0,258.0,83.0,468.0,57.0,150.2389486260454,20.37037037037037,27.956989247311824,0.0,0.0,0.0,0.0,0.0,0.0,0.0,0.0,Aggressive batter,95.63918757467145,4.800000000000001,95.63918757467145
B Stanlake,5.0,2.0,1.0,0.0,0.0,1.0,250.0,50.0,0.0,144.0,194.0,7.0,64.0,6.0,8.083333333333334,4.861111111111112,44.44444444444444,All-rounder,160.0,12.4,160.0
B Sumanth,35.0,37.0,3.0,0.0,14.0,4.0,94.5945945945946,8.108108108108109,37.83783783783784,0.0,0.0,0.0,0.0,0.0,0.0,0.0,0.0,Limited-sample batter,62.16216216216217,4.800000000000001,62.16216216216217
BA Bhatt,6.0,7.0,0.0,1.0,6.0,2.0,85.71428571428571,14.285714285714285,85.71428571428571,296.0,389.0,12.0,93.0,15.0,7.885135135135135,4.054054054054054,31.41891891891892,All-rounder,50.0,9.551351351351352,50.0
BA Stokes,935.0,695.0,81.0,32.0,222.0,43.0,134.53237410071944,16.258992805755394,31.942446043165468,689.0,956.0,28.0,228.0,38.0,8.32510885341074,4.063860667634253,33.09143686502177,All-rounder,85.75539568345324,9.71378809869376,85.75539568345324
BAW Mendis,3.0,6.0,0.0,0.0,3.0,3.0,50.0,0.0,50.0,244.0,295.0,8.0,76.0,10.0,7.254098360655738,3.278688524590164,31.147540983606557,All-rounder,35.0,9.439344262295084,35.0
BB McCullum,2882.0,2176.0,293.0,130.0,886.0,109.0,132.44485294117646,19.43933823529412,40.716911764705884,0.0,0.0,0.0,0.0,0.0,0.0,0.0,0.0,Anchor / accumulator,83.91084558823529,4.800000000000001,83.91084558823529
BB Samantray,125.0,113.0,13.0,2.0,42.0,8.0,110.61946902654867,13.274336283185843,37.16814159292036,0.0,0.0,0.0,0.0,0.0,0.0,0.0,0.0,Limited-sample batter,71.85840707964601,4.800000000000001,71.85840707964601
BB Sran,10.0,13.0,0.0,0.0,4.0,7.0,76.92307692307693,0.0,30.76923076923077,483.0,718.0,18.0,168.0,24.0,8.919254658385093,3.7267080745341614,34.78260869565217,All-rounder,52.307692307692314,9.679503105590062,52.307692307692314
BCJ Cutting,238.0,141.0,15.0,19.0,49.0,17.0,168.79432624113474,24.113475177304963,34.751773049645394,281.0,422.0,10.0,77.0,17.0,9.01067615658363,3.558718861209965,27.402135231316727,All-rounder,104.68085106382978,8.09964412811388,104.68085106382978
BE Hendricks,1.0,3.0,0.0,0.0,2.0,2.0,33.33333333333333,0.0,66.66666666666666,150.0,224.0,9.0,52.0,7.0,8.96,6.0,34.66666666666667,All-rounder,23.333333333333332,10.549333333333335,23.333333333333332
BJ Dwarshuis,0.0,0.0,0.0,0.0,0.0,0.0,0.0,0.0,0.0,24.0,46.0,1.0,6.0,1.0,11.5,4.166666666666666,25.0,Limited-sample bowler,20.0,6.866666666666666,20.0
BJ Haddin,18.0,11.0,2.0,1.0,5.0,1.0,163.63636363636365,27.27272727272727,45.45454545454545,0.0,0.0,0.0,0.0,0.0,0.0,0.0,0.0,Limited-sample batter,100.9090909090909,4.800000000000001,100.9090909090909
BJ Hodge,1400.0,1112.0,122.0,43.0,386.0,63.0,125.89928057553956,14.838129496402876,34.71223021582734,234.0,294.0,17.0,75.0,20.0,7.538461538461538,7.264957264957266,32.05128205128205,All-rounder,80.45863309352518,11.1008547008547,80.45863309352518
BJ Rohrer,193.0,141.0,21.0,5.0,48.0,8.0,136.8794326241135,18.439716312056735,34.04255319148936,6.0,11.0,0.0,1.0,1.0,11.0,0.0,16.666666666666664,All-rounder,87.16312056737588,3.733333333333333,87.16312056737588
BKG Mendis,20.0,10.0,1.0,2.0,4.0,1.0,200.0,30.0,40.0,0.0,0.0,0.0,0.0,0.0,0.0,0.0,0.0,Limited-sample batter,121.0,4.800000000000001,121.0
BMAJ Mendis,23.0,27.0,0.0,0.0,8.0,3.0,85.18518518518519,0.0,29.629629629629626,30.0,36.0,1.0,11.0,2.0,7.199999999999999,3.3333333333333335,36.666666666666664,All-rounder,56.66666666666667,10.586666666666666,56.66666666666667
BR Dunk,40.0,35.0,7.0,0.0,17.0,3.0,114.28571428571428,20.0,48.57142857142857,0.0,0.0,0.0,0.0,0.0,0.0,0.0,0.0,Limited-sample batter,73.42857142857143,4.800000000000001,73.42857142857143
BR Sharath,2.0,5.0,0.0,0.0,3.0,1.0,40.0,0.0,60.0,0.0,0.0,0.0,0.0,0.0,0.0,0.0,0.0,Limited-sample batter,28.0,4.800000000000001,28.0
BW Hilfenhaus,0.0,0.0,0.0,0.0,0.0,0.0,0.0,0.0,0.0,372.0,461.0,22.0,173.0,17.0,7.435483870967742,5.913978494623656,46.50537634408602,Regular bowler,20.0,13.49247311827957,20.0
Basil Thampi,32.0,35.0,1.0,1.0,12.0,7.0,91.42857142857143,5.714285714285714,34.285714285714285,521.0,828.0,22.0,152.0,25.0,9.535508637236084,4.222648752399232,29.174664107485604,All-rounder,60.57142857142858,8.509788867562381,60.57142857142858
Bipul Sharma,187.0,123.0,11.0,9.0,31.0,17.0,152.03252032520325,16.260162601626014,25.203252032520325,426.0,557.0,17.0,131.0,28.0,7.845070422535212,3.9906103286384975,30.751173708920188,All-rounder,95.85365853658536,9.408450704225352,95.85365853658536
Brijesh Sharma,2.0,4.0,0.0,0.0,2.0,2.0,50.0,0.0,50.0,273.0,425.0,14.0,84.0,13.0,9.340659340659341,5.128205128205128,30.76923076923077,All-rounder,35.0,9.268864468864468,35.0
C Bosch,97.0,63.0,8.0,5.0,21.0,6.0,153.96825396825398,20.634920634920633,33.33333333333333,163.0,242.0,13.0,67.0,8.0,8.9079754601227,7.975460122699387,41.104294478527606,All-rounder,96.5079365079365,12.647852760736196,96.5079365079365
C Connolly,491.0,299.0,43.0,32.0,106.0,13.0,164.2140468227425,25.08361204013378,35.45150501672241,0.0,0.0,0.0,0.0,0.0,0.0,0.0,0.0,Limited-sample batter,102.5418060200669,4.800000000000001,102.5418060200669
C Ganapathy,0.0,0.0,0.0,0.0,0.0,0.0,0.0,0.0,0.0,6.0,13.0,0.0,1.0,1.0,13.0,0.0,16.666666666666664,Limited-sample bowler,20.0,3.333333333333333,20.0
C Green,1029.0,677.0,84.0,49.0,192.0,42.0,151.99409158050221,19.64549483013294,28.360413589364846,571.0,858.0,23.0,192.0,39.0,9.015761821366024,4.028021015761821,33.62521891418564,All-rounder,96.21861152141803,9.529947460595448,96.21861152141803
C Madan,15.0,18.0,3.0,0.0,12.0,1.0,83.33333333333334,16.666666666666664,66.66666666666666,0.0,0.0,0.0,0.0,0.0,0.0,0.0,0.0,Limited-sample batter,53.33333333333334,4.800000000000001,53.33333333333334
C Munro,177.0,141.0,19.0,8.0,63.0,11.0,125.53191489361701,19.148936170212767,44.680851063829785,12.0,15.0,0.0,5.0,2.0,7.5,0.0,41.66666666666667,All-rounder,79.57446808510637,10.133333333333335,79.57446808510637
C Nanda,0.0,1.0,0.0,0.0,1.0,1.0,0.0,0.0,100.0,48.0,55.0,2.0,13.0,3.0,6.875,4.166666666666666,27.083333333333332,All-rounder,0.0,9.133333333333333,9.133333333333333
C Sakariya,20.0,30.0,3.0,0.0,19.0,7.0,66.66666666666666,10.0,63.33333333333333,444.0,601.0,20.0,146.0,20.0,8.121621621621621,4.504504504504505,32.88288288288289,All-rounder,43.666666666666664,9.929729729729733,43.666666666666664
C de Grandhomme,303.0,224.0,18.0,18.0,77.0,21.0,135.26785714285714,16.071428571428573,34.375,216.0,301.0,6.0,58.0,19.0,8.36111111111111,2.7777777777777777,26.851851851851855,All-rounder,85.58035714285714,7.9370370370370384,85.58035714285714
CA Ingram,205.0,179.0,22.0,5.0,72.0,15.0,114.52513966480447,15.083798882681565,40.22346368715084,0.0,0.0,0.0,0.0,0.0,0.0,0.0,0.0,Limited-sample batter,73.74301675977654,4.800000000000001,73.74301675977654
CA Lynn,1329.0,941.0,132.0,66.0,376.0,42.0,141.2327311370882,21.04144527098831,39.957492029755585,0.0,0.0,0.0,0.0,0.0,0.0,0.0,0.0,Aggressive batter,88.93730074388947,4.800000000000001,88.93730074388947
CA Pujara,390.0,390.0,50.0,4.0,178.0,22.0,100.0,13.846153846153847,45.64102564102564,0.0,0.0,0.0,0.0,0.0,0.0,0.0,0.0,Anchor / accumulator,65.02564102564102,4.800000000000001,65.02564102564102
CH Gayle,4997.0,3331.0,408.0,359.0,1387.0,141.0,150.01501050735516,23.02611828279796,41.63914740318223,554.0,680.0,18.0,180.0,38.0,7.364620938628159,3.2490974729241873,32.49097472924188,All-rounder,93.58751125788052,9.651985559566787,93.58751125788052
CH Morris,618.0,397.0,41.0,35.0,115.0,49.0,155.66750629722924,19.143576826196472,28.967254408060455,1726.0,2220.0,96.0,668.0,81.0,7.717265353418307,5.5619930475086905,38.70220162224797,All-rounder,97.78337531486147,11.678331402085748,97.78337531486147
CJ Anderson,538.0,421.0,40.0,31.0,180.0,29.0,127.79097387173397,16.864608076009503,42.75534441805225,297.0,497.0,11.0,79.0,22.0,10.040404040404042,3.7037037037037033,26.599326599326602,All-rounder,80.40380047505938,7.5851851851851855,80.40380047505938
CJ Dala,0.0,0.0,0.0,0.0,0.0,0.0,0.0,0.0,0.0,18.0,33.0,0.0,7.0,1.0,11.0,0.0,38.88888888888889,Limited-sample bowler,20.0,8.177777777777779,20.0
CJ Ferguson,98.0,117.0,9.0,0.0,55.0,8.0,83.76068376068376,7.6923076923076925,47.008547008547005,0.0,0.0,0.0,0.0,0.0,0.0,0.0,0.0,Limited-sample batter,54.78632478632478,4.800000000000001,54.78632478632478
CJ Green,0.0,0.0,0.0,0.0,0.0,0.0,0.0,0.0,0.0,17.0,24.0,0.0,6.0,1.0,8.470588235294118,0.0,35.294117647058826,Limited-sample bowler,20.0,8.470588235294118,20.0
CJ Jordan,81.0,77.0,3.0,3.0,31.0,12.0,105.1948051948052,7.792207792207792,40.25974025974026,674.0,1033.0,30.0,206.0,34.0,9.195845697329377,4.451038575667656,30.56379821958457,All-rounder,66.88311688311688,9.014836795252226,66.88311688311688
CJ McKay,8.0,15.0,0.0,0.0,8.0,1.0,53.333333333333336,0.0,53.333333333333336,42.0,60.0,1.0,14.0,2.0,8.571428571428571,2.380952380952381,33.33333333333333,All-rounder,36.0,8.99047619047619,36.0
CK Kapugedera,16.0,22.0,0.0,0.0,7.0,3.0,72.72727272727273,0.0,31.818181818181817,17.0,49.0,0.0,0.0,3.0,17.294117647058822,0.0,0.0,All-rounder,50.00000000000001,0.0,50.00000000000001
CK Langeveldt,8.0,9.0,0.0,1.0,6.0,2.0,88.88888888888889,11.11111111111111,66.66666666666666,156.0,178.0,13.0,69.0,7.0,6.846153846153846,8.333333333333332,44.230769230769226,All-rounder,54.44444444444445,14.24102564102564,54.44444444444445
CL White,971.0,757.0,76.0,38.0,252.0,45.0,128.26948480845442,15.059445178335535,33.2892998678996,42.0,81.0,1.0,8.0,6.0,11.571428571428571,2.380952380952381,19.047619047619047,All-rounder,81.99471598414796,4.933333333333334,81.99471598414796
CM Gautam,169.0,149.0,17.0,6.0,66.0,13.0,113.42281879194631,15.436241610738255,44.29530201342282,0.0,0.0,0.0,0.0,0.0,0.0,0.0,0.0,Limited-sample batter,72.48322147651007,4.800000000000001,72.48322147651007
CR Brathwaite,181.0,110.0,10.0,16.0,41.0,14.0,164.54545454545456,23.636363636363637,37.27272727272727,254.0,363.0,13.0,74.0,16.0,8.574803149606298,5.118110236220472,29.133858267716533,All-rounder,101.90909090909092,9.244094488188978,101.90909090909092
CR Woakes,78.0,77.0,7.0,2.0,33.0,12.0,101.29870129870129,11.688311688311687,42.857142857142854,440.0,635.0,30.0,161.0,21.0,8.659090909090908,6.8181818181818175,36.59090909090909,All-rounder,65.58441558441558,11.381818181818183,65.58441558441558
CRD Fernando,4.0,3.0,0.0,0.0,0.0,2.0,133.33333333333331,0.0,0.0,234.0,279.0,17.0,99.0,10.0,7.153846153846153,7.264957264957266,42.30769230769231,All-rounder,86.66666666666666,13.305982905982907,86.66666666666666
CV Varun,31.0,53.0,3.0,0.0,31.0,13.0,58.490566037735846,5.660377358490567,58.490566037735846,2134.0,2687.0,111.0,773.0,94.0,7.554826616682287,5.201499531396438,36.22305529522024,All-rounder,39.24528301886792,11.103280224929708,39.24528301886792
D Brevis,606.0,415.0,38.0,43.0,156.0,24.0,146.02409638554218,19.518072289156628,37.59036144578313,3.0,8.0,1.0,1.0,1.0,16.0,33.33333333333333,33.33333333333333,All-rounder,91.34939759036146,20.0,91.34939759036146
D Ferreira,326.0,191.0,26.0,23.0,66.0,16.0,170.6806282722513,25.654450261780106,34.55497382198953,18.0,41.0,1.0,2.0,3.0,13.666666666666666,5.555555555555555,11.11111111111111,All-rounder,106.12565445026178,4.444444444444445,106.12565445026178
D Jansen,0.0,0.0,0.0,0.0,0.0,0.0,0.0,0.0,0.0,24.0,49.0,1.0,6.0,1.0,12.25,4.166666666666666,25.0,Limited-sample bowler,20.0,6.666666666666666,20.0
D Kalyankrishna,3.0,8.0,0.0,0.0,4.0,1.0,37.5,0.0,50.0,48.0,85.0,2.0,10.0,3.0,10.625,4.166666666666666,20.833333333333336,All-rounder,28.75,6.383333333333334,28.75
D Madushanka,0.0,0.0,0.0,0.0,0.0,0.0,0.0,0.0,0.0,24.0,32.0,1.0,8.0,1.0,8.0,4.166666666666666,33.33333333333333,Limited-sample bowler,20.0,9.933333333333334,20.0
D Padikkal,2270.0,1700.0,241.0,80.0,619.0,89.0,133.52941176470588,18.88235294117647,36.411764705882355,0.0,0.0,0.0,0.0,0.0,0.0,0.0,0.0,Anchor / accumulator,85.14705882352942,4.800000000000001,85.14705882352942
D Pretorius,44.0,28.0,3.0,3.0,10.0,5.0,157.14285714285714,21.428571428571427,35.714285714285715,150.0,222.0,6.0,42.0,7.0,8.879999999999999,4.0,28.000000000000004,All-rounder,97.85714285714286,8.448000000000002,97.85714285714286
D Salunkhe,33.0,24.0,5.0,0.0,8.0,3.0,137.5,20.833333333333336,33.33333333333333,47.0,70.0,1.0,13.0,5.0,8.936170212765957,2.127659574468085,27.659574468085108,All-rounder,88.33333333333334,7.608510638297873,88.33333333333334
D Wiese,148.0,100.0,12.0,7.0,28.0,11.0,148.0,19.0,28.000000000000004,296.0,428.0,16.0,82.0,15.0,8.675675675675677,5.405405405405405,27.7027027027027,All-rounder,94.10000000000001,9.032432432432433,94.10000000000001
D du Preez,10.0,13.0,0.0,0.0,5.0,1.0,76.92307692307693,0.0,38.46153846153847,42.0,55.0,4.0,18.0,2.0,7.857142857142858,9.523809523809524,42.857142857142854,All-rounder,50.769230769230774,14.038095238095238,50.769230769230774
DA Miller,3288.0,2349.0,235.0,152.0,676.0,143.0,139.97445721583654,16.47509578544061,28.778203490847172,0.0,0.0,0.0,0.0,0.0,0.0,0.0,0.0,Anchor / accumulator,89.17411664538102,4.800000000000001,89.17411664538102
DA Payne,6.0,5.0,0.0,0.0,0.0,1.0,120.0,0.0,0.0,30.0,69.0,2.0,5.0,2.0,13.799999999999999,6.666666666666667,16.666666666666664,All-rounder,80.0,6.0,80.0
DA Warner,6567.0,4680.0,663.0,236.0,1628.0,184.0,140.32051282051282,19.20940170940171,34.78632478632478,1.0,1.0,0.0,0.0,1.0,6.0,0.0,0.0,All-rounder,88.96581196581197,2.4000000000000004,88.96581196581197
DAJ Bracewell,12.0,9.0,1.0,0.0,1.0,1.0,133.33333333333331,11.11111111111111,11.11111111111111,24.0,31.0,3.0,10.0,1.0,7.75,12.5,41.66666666666667,All-rounder,87.77777777777777,15.033333333333335,87.77777777777777
DB Das,304.0,260.0,23.0,16.0,107.0,22.0,116.92307692307693,15.0,41.15384615384615,0.0,0.0,0.0,0.0,0.0,0.0,0.0,0.0,Limited-sample batter,74.73076923076924,4.800000000000001,74.73076923076924
DB Ravi Teja,375.0,315.0,35.0,9.0,105.0,25.0,119.04761904761905,13.968253968253968,33.33333333333333,18.0,28.0,1.0,4.0,2.0,9.333333333333334,5.555555555555555,22.22222222222222,All-rounder,77.04761904761905,7.733333333333333,77.04761904761905
DE Bollinger,21.0,22.0,1.0,1.0,9.0,4.0,95.45454545454545,9.090909090909092,40.909090909090914,576.0,663.0,37.0,254.0,27.0,6.90625,6.423611111111111,44.09722222222222,All-rounder,62.27272727272727,13.426388888888889,62.27272727272727
DG Nalkande,12.0,12.0,0.0,1.0,5.0,2.0,100.0,8.333333333333332,41.66666666666667,84.0,143.0,6.0,22.0,6.0,10.214285714285714,7.142857142857142,26.190476190476193,All-rounder,64.16666666666667,8.80952380952381,64.16666666666667
DH Yagnik,170.0,133.0,23.0,2.0,48.0,17.0,127.81954887218046,18.796992481203006,36.09022556390977,0.0,0.0,0.0,0.0,0.0,0.0,0.0,0.0,Limited-sample batter,82.33082706766918,4.800000000000001,82.33082706766918
DJ Bravo,1560.0,1196.0,120.0,66.0,425.0,110.0,130.43478260869566,15.551839464882944,35.53511705685619,3120.0,4178.0,183.0,998.0,158.0,8.034615384615384,5.865384615384615,31.987179487179485,All-rounder,82.77591973244148,10.32974358974359,82.77591973244148
DJ Harris,111.0,101.0,11.0,5.0,48.0,4.0,109.9009900990099,15.841584158415841,47.524752475247524,18.0,26.0,0.0,4.0,2.0,8.666666666666666,0.0,22.22222222222222,All-rounder,70.1980198019802,5.777777777777779,70.1980198019802
DJ Hooda,1497.0,1167.0,98.0,62.0,372.0,101.0,128.2776349614396,13.710368466152529,31.876606683804624,379.0,532.0,10.0,102.0,34.0,8.422163588390502,2.638522427440633,26.912928759894463,All-rounder,81.87660668380464,7.869129287598946,81.87660668380464
DJ Hussey,1322.0,1070.0,90.0,60.0,377.0,61.0,123.55140186915887,14.018691588785046,35.23364485981308,317.0,467.0,8.0,86.0,26.0,8.839116719242902,2.5236593059936907,27.129337539432175,All-rounder,78.93457943925233,7.699684542586751,78.93457943925233
DJ Jacobs,92.0,98.0,10.0,4.0,53.0,7.0,93.87755102040816,14.285714285714285,54.08163265306123,0.0,0.0,0.0,0.0,0.0,0.0,0.0,0.0,Limited-sample batter,60.40816326530612,4.800000000000001,60.40816326530612
DJ Malan,26.0,26.0,1.0,1.0,9.0,1.0,100.0,7.6923076923076925,34.61538461538461,0.0,0.0,0.0,0.0,0.0,0.0,0.0,0.0,Limited-sample batter,65.38461538461539,4.800000000000001,65.38461538461539
DJ Mitchell,351.0,267.0,28.0,10.0,73.0,15.0,131.46067415730337,14.232209737827715,27.340823970037455,48.0,94.0,1.0,5.0,4.0,11.75,2.083333333333333,10.416666666666668,All-rounder,84.53183520599251,3.0166666666666666,84.53183520599251
DJ Muthuswami,1.0,3.0,0.0,0.0,2.0,1.0,33.33333333333333,0.0,66.66666666666666,84.0,101.0,4.0,44.0,6.0,7.2142857142857135,4.761904761904762,52.38095238095239,All-rounder,23.333333333333332,14.295238095238098,23.333333333333332
DJ Thornely,39.0,53.0,2.0,2.0,26.0,4.0,73.58490566037736,7.547169811320755,49.056603773584904,42.0,38.0,3.0,19.0,4.0,5.428571428571429,7.142857142857142,45.23809523809524,All-rounder,49.24528301886792,14.533333333333335,49.24528301886792
DJ Willey,53.0,62.0,7.0,0.0,32.0,5.0,85.48387096774194,11.29032258064516,51.61290322580645,216.0,267.0,6.0,79.0,11.0,7.416666666666667,2.7777777777777777,36.574074074074076,All-rounder,55.806451612903224,10.25925925925926,55.806451612903224
DJG Sammy,295.0,241.0,15.0,18.0,89.0,20.0,122.40663900414938,13.692946058091287,36.92946058091287,236.0,341.0,11.0,72.0,19.0,8.669491525423728,4.661016949152542,30.508474576271187,All-rounder,77.92531120331951,9.298305084745763,77.92531120331951
DJM Short,115.0,99.0,11.0,5.0,44.0,7.0,116.16161616161615,16.161616161616163,44.44444444444444,18.0,19.0,1.0,7.0,2.0,6.333333333333334,5.555555555555555,38.88888888888889,All-rounder,74.04040404040404,12.266666666666667,74.04040404040404
DL Chahar,142.0,103.0,8.0,9.0,37.0,20.0,137.8640776699029,16.50485436893204,35.92233009708738,2068.0,2754.0,96.0,871.0,103.0,7.990328820116053,4.642166344294004,42.11798839458414,All-rounder,86.6990291262136,11.884332688588009,86.6990291262136
DL Vettori,121.0,112.0,11.0,2.0,31.0,16.0,108.03571428571428,11.607142857142858,27.67857142857143,777.0,871.0,28.0,270.0,34.0,6.725868725868725,3.6036036036036037,34.74903474903475,All-rounder,71.96428571428571,10.500900900900902,71.96428571428571
DM Bravo,6.0,5.0,1.0,0.0,2.0,1.0,120.0,20.0,40.0,0.0,0.0,0.0,0.0,0.0,0.0,0.0,0.0,Limited-sample batter,78.0,4.800000000000001,78.0
DNT Zoysa,11.0,9.0,1.0,0.0,1.0,2.0,122.22222222222223,11.11111111111111,11.11111111111111,66.0,96.0,2.0,24.0,3.0,8.727272727272727,3.0303030303030303,36.36363636363637,All-rounder,82.22222222222223,9.793939393939395,82.22222222222223
DP Conway,1080.0,770.0,117.0,34.0,240.0,28.0,140.25974025974025,19.61038961038961,31.16883116883117,0.0,0.0,0.0,0.0,0.0,0.0,0.0,0.0,Aggressive batter,89.77922077922078,4.800000000000001,89.77922077922078
DP Nannes,4.0,13.0,0.0,0.0,9.0,2.0,30.76923076923077,0.0,69.23076923076923,646.0,734.0,28.0,285.0,29.0,6.81733746130031,4.3343653250774,44.11764705882353,All-rounder,21.53846153846154,12.630340557275542,21.53846153846154
DP Vijaykumar,1.0,1.0,0.0,0.0,0.0,1.0,100.0,0.0,0.0,152.0,192.0,4.0,63.0,9.0,7.578947368421052,2.631578947368421,41.44736842105263,All-rounder,70.0,11.110526315789473,70.0
DPMD Jayawardene,1808.0,1462.0,200.0,40.0,528.0,78.0,123.66621067031464,16.415868673050614,36.11491108071135,0.0,0.0,0.0,0.0,0.0,0.0,0.0,0.0,Anchor / accumulator,79.53488372093024,4.800000000000001,79.53488372093024
DR Martyn,19.0,24.0,1.0,0.0,8.0,1.0,79.16666666666666,4.166666666666666,33.33333333333333,0.0,0.0,0.0,0.0,0.0,0.0,0.0,0.0,Limited-sample batter,54.166666666666664,4.800000000000001,54.166666666666664
DR Sams,44.0,44.0,1.0,3.0,22.0,13.0,100.0,9.090909090909092,50.0,360.0,489.0,14.0,142.0,16.0,8.15,3.888888888888889,39.44444444444444,All-rounder,62.72727272727273,10.984444444444446,62.72727272727273
DR Shorey,13.0,17.0,0.0,1.0,9.0,2.0,76.47058823529412,5.88235294117647,52.94117647058824,0.0,0.0,0.0,0.0,0.0,0.0,0.0,0.0,Limited-sample batter,49.411764705882355,4.800000000000001,49.411764705882355
DR Smith,2385.0,1755.0,245.0,117.0,738.0,88.0,135.8974358974359,20.62678062678063,42.05128205128205,539.0,787.0,26.0,168.0,46.0,8.760667903525047,4.823747680890538,31.16883116883117,All-rounder,85.72649572649574,9.458998144712432,85.72649572649574
DS Kulkarni,104.0,108.0,7.0,2.0,43.0,20.0,96.29629629629629,8.333333333333332,39.81481481481482,1787.0,2364.0,86.0,742.0,92.0,7.937325125909346,4.8125349748181305,41.52210408505876,All-rounder,62.68518518518518,11.854504756575265,62.68518518518518
DS Lehmann,18.0,18.0,3.0,0.0,8.0,2.0,100.0,16.666666666666664,44.44444444444444,0.0,0.0,0.0,0.0,0.0,0.0,0.0,0.0,Limited-sample batter,66.11111111111111,4.800000000000001,66.11111111111111
DS Rathi,3.0,8.0,0.0,0.0,4.0,3.0,37.5,0.0,50.0,546.0,807.0,19.0,149.0,23.0,8.868131868131869,3.47985347985348,27.28937728937729,All-rounder,28.75,8.102564102564102,28.75
DT Christian,460.0,394.0,23.0,19.0,128.0,41.0,116.75126903553299,10.65989847715736,32.48730964467005,883.0,1152.0,38.0,296.0,49.0,7.827859569648924,4.303510758776897,33.52208380520951,All-rounder,75.0761421319797,10.09467723669309,75.0761421319797
DT Patil,13.0,13.0,1.0,0.0,5.0,2.0,100.0,7.6923076923076925,38.46153846153847,0.0,0.0,0.0,0.0,0.0,0.0,0.0,0.0,Limited-sample batter,64.61538461538461,4.800000000000001,64.61538461538461
DV Malewar,2.0,5.0,0.0,0.0,3.0,2.0,40.0,0.0,60.0,0.0,0.0,0.0,0.0,0.0,0.0,0.0,0.0,Limited-sample batter,28.0,4.800000000000001,28.0
DW Steyn,167.0,160.0,14.0,3.0,66.0,33.0,104.375,10.625,41.25,2182.0,2406.0,97.0,1019.0,95.0,6.615948670944087,4.445462878093492,46.70027497708524,All-rounder,67.125,13.271860678276811,67.125
Dhruv Jurel,1195.0,775.0,98.0,62.0,232.0,51.0,154.19354838709677,20.64516129032258,29.935483870967744,0.0,0.0,0.0,0.0,0.0,0.0,0.0,0.0,Aggressive batter,97.30322580645161,4.800000000000001,97.30322580645161
E Lewis,654.0,477.0,62.0,36.0,204.0,26.0,137.1069182389937,20.545073375262053,42.76729559748428,0.0,0.0,0.0,0.0,0.0,0.0,0.0,0.0,Anchor / accumulator,86.16352201257861,4.800000000000001,86.16352201257861
E Malinga,7.0,17.0,0.0,0.0,9.0,3.0,41.17647058823529,0.0,52.94117647058824,486.0,715.0,33.0,167.0,22.0,8.827160493827162,6.790123456790123,34.36213991769547,All-rounder,30.0,10.85761316872428,30.0
EJG Morgan,1406.0,1147.0,112.0,64.0,444.0,74.0,122.58064516129032,15.344376634699216,38.70967741935484,0.0,0.0,0.0,0.0,0.0,0.0,0.0,0.0,Anchor / accumulator,78.15170008718397,4.800000000000001,78.15170008718397
ER Dwivedi,24.0,14.0,2.0,2.0,5.0,2.0,171.42857142857142,28.57142857142857,35.714285714285715,0.0,0.0,0.0,0.0,0.0,0.0,0.0,0.0,Limited-sample batter,107.14285714285714,4.800000000000001,107.14285714285714
F Behardien,14.0,13.0,2.0,0.0,5.0,3.0,107.6923076923077,15.384615384615385,38.46153846153847,0.0,0.0,0.0,0.0,0.0,0.0,0.0,0.0,Limited-sample batter,70.76923076923077,4.800000000000001,70.76923076923077
F du Plessis,4773.0,3506.0,440.0,174.0,1149.0,147.0,136.13804905875642,17.512835139760412,32.77239018824872,6.0,16.0,0.0,0.0,1.0,16.0,0.0,0.0,All-rounder,86.76839703365658,0.0,86.76839703365658
FA Allen,14.0,18.0,1.0,0.0,9.0,3.0,77.77777777777779,5.555555555555555,50.0,90.0,135.0,2.0,26.0,4.0,9.0,2.2222222222222223,28.888888888888886,All-rounder,50.55555555555556,7.866666666666667,50.55555555555556
FH Allen,349.0,163.0,33.0,28.0,57.0,11.0,214.11042944785277,37.423312883435585,34.96932515337423,0.0,0.0,0.0,0.0,0.0,0.0,0.0,0.0,Limited-sample batter,131.2883435582822,4.800000000000001,131.2883435582822
FH Edwards,4.0,5.0,0.0,0.0,3.0,2.0,80.0,0.0,60.0,140.0,144.0,5.0,70.0,6.0,6.171428571428571,3.571428571428571,50.0,All-rounder,48.0,13.760000000000002,48.0
FY Fazal,183.0,172.0,22.0,1.0,62.0,11.0,106.3953488372093,13.372093023255813,36.04651162790697,12.0,20.0,0.0,1.0,2.0,10.0,0.0,8.333333333333332,All-rounder,70.0,2.466666666666667,70.0
Fazalhaq Farooqi,5.0,15.0,0.0,0.0,10.0,3.0,33.33333333333333,0.0,66.66666666666666,254.0,425.0,6.0,80.0,12.0,10.039370078740157,2.3622047244094486,31.496062992125985,All-rounder,23.333333333333332,8.028346456692914,23.333333333333332
G Coetzee,31.0,32.0,2.0,2.0,16.0,7.0,96.875,12.5,50.0,273.0,445.0,15.0,90.0,14.0,9.780219780219781,5.4945054945054945,32.967032967032964,All-rounder,62.1875,9.679120879120878,62.1875
G Gambhir,4217.0,3394.0,492.0,59.0,1170.0,151.0,124.2486741308191,16.234531526222746,34.472598703594585,0.0,0.0,0.0,0.0,0.0,0.0,0.0,0.0,Anchor / accumulator,80.10017678255745,4.800000000000001,80.10017678255745
GB Hogg,22.0,22.0,1.0,0.0,5.0,4.0,100.0,4.545454545454546,22.727272727272727,458.0,552.0,23.0,159.0,21.0,7.2314410480349345,5.021834061135371,34.71615720524017,All-rounder,66.81818181818183,10.85938864628821,66.81818181818183
GC Smith,739.0,664.0,94.0,9.0,283.0,29.0,111.29518072289157,15.512048192771086,42.62048192771085,0.0,0.0,0.0,0.0,0.0,0.0,0.0,0.0,Anchor / accumulator,71.77710843373494,4.800000000000001,71.77710843373494
GC Viljoen,3.0,7.0,0.0,0.0,3.0,3.0,42.857142857142854,0.0,42.857142857142854,138.0,210.0,7.0,43.0,6.0,9.130434782608695,5.072463768115942,31.15942028985507,All-rounder,32.85714285714286,9.408695652173915,32.85714285714286
GD McGrath,4.0,5.0,1.0,0.0,4.0,2.0,80.0,20.0,80.0,324.0,352.0,12.0,153.0,14.0,6.518518518518518,3.7037037037037033,47.22222222222222,All-rounder,50.0,13.118518518518519,50.0
GD Phillips,132.0,108.0,7.0,8.0,45.0,13.0,122.22222222222223,13.88888888888889,41.66666666666667,30.0,39.0,2.0,10.0,4.0,7.800000000000001,6.666666666666667,33.33333333333333,All-rounder,76.94444444444446,11.013333333333332,76.94444444444446
GF Linde,31.0,21.0,6.0,0.0,9.0,3.0,147.61904761904762,28.57142857142857,42.857142857142854,37.0,55.0,1.0,10.0,3.0,8.91891891891892,2.7027027027027026,27.027027027027028,All-rounder,93.80952380952381,7.71891891891892,93.80952380952381
GH Vihari,284.0,319.0,23.0,1.0,133.0,23.0,89.0282131661442,7.523510971786834,41.692789968652036,42.0,46.0,1.0,17.0,6.0,6.571428571428572,2.380952380952381,40.476190476190474,All-rounder,58.43260188087775,11.219047619047618,58.43260188087775
GHS Garton,2.0,4.0,0.0,0.0,2.0,2.0,50.0,0.0,50.0,90.0,128.0,3.0,31.0,5.0,8.533333333333333,3.3333333333333335,34.44444444444444,All-rounder,35.0,9.60888888888889,35.0
GJ Bailey,663.0,541.0,59.0,19.0,187.0,36.0,122.55083179297597,14.417744916820702,34.56561922365989,0.0,0.0,0.0,0.0,0.0,0.0,0.0,0.0,Anchor / accumulator,78.6876155268022,4.800000000000001,78.6876155268022
GJ Maxwell,2820.0,1810.0,238.0,161.0,597.0,134.0,155.8011049723757,22.044198895027627,32.98342541436464,1022.0,1381.0,41.0,328.0,85.0,8.107632093933464,4.011741682974559,32.093933463796475,All-rounder,97.91712707182322,9.580430528375732,97.91712707182322
GR Napier,15.0,16.0,1.0,0.0,7.0,1.0,93.75,6.25,43.75,24.0,27.0,1.0,8.0,1.0,6.75,4.166666666666666,33.33333333333333,All-rounder,60.0,10.433333333333334,60.0
GS Sandhu,0.0,0.0,0.0,0.0,0.0,0.0,0.0,0.0,0.0,48.0,82.0,1.0,9.0,2.0,10.25,2.083333333333333,18.75,Limited-sample bowler,20.0,5.283333333333333,20.0
Gagandeep Singh,0.0,0.0,0.0,0.0,0.0,0.0,0.0,0.0,0.0,84.0,141.0,3.0,25.0,4.0,10.071428571428571,3.571428571428571,29.761904761904763,Limited-sample bowler,20.0,8.152380952380952,20.0
Gulbadin Naib,19.0,15.0,1.0,1.0,4.0,1.0,126.66666666666666,13.333333333333334,26.666666666666668,6.0,12.0,0.0,1.0,1.0,12.0,0.0,16.666666666666664,All-rounder,82.0,3.333333333333333,82.0
Gurjapneet Singh,0.0,0.0,0.0,0.0,0.0,0.0,0.0,0.0,0.0,151.0,221.0,4.0,46.0,8.0,8.781456953642383,2.6490066225165565,30.4635761589404,Limited-sample bowler,20.0,8.43973509933775,20.0
Gurkeerat Singh,511.0,422.0,55.0,11.0,145.0,32.0,121.09004739336493,15.639810426540285,34.360189573459714,78.0,93.0,5.0,26.0,6.0,7.153846153846153,6.41025641025641,33.33333333333333,All-rounder,78.36492890995261,11.169230769230769,78.36492890995261
Gurnoor Brar,0.0,0.0,0.0,0.0,0.0,0.0,0.0,0.0,0.0,18.0,39.0,0.0,7.0,1.0,13.0,0.0,38.88888888888889,Limited-sample bowler,20.0,7.777777777777779,20.0
H Das,2.0,5.0,0.0,0.0,3.0,1.0,40.0,0.0,60.0,0.0,0.0,0.0,0.0,0.0,0.0,0.0,0.0,Limited-sample batter,28.0,4.800000000000001,28.0
H Klaasen,2104.0,1253.0,146.0,120.0,300.0,60.0,167.91699920191542,21.22905027932961,23.942537909018355,0.0,0.0,0.0,0.0,0.0,0.0,0.0,0.0,Aggressive batter,105.53870710295293,4.800000000000001,105.53870710295293
H Sharma,0.0,0.0,0.0,0.0,0.0,0.0,0.0,0.0,0.0,30.0,57.0,0.0,2.0,2.0,11.399999999999999,0.0,6.666666666666667,Limited-sample bowler,20.0,1.5733333333333341,20.0
HC Brook,190.0,153.0,23.0,4.0,64.0,11.0,124.18300653594771,17.647058823529413,41.830065359477125,0.0,0.0,0.0,0.0,0.0,0.0,0.0,0.0,Limited-sample batter,79.01960784313725,4.800000000000001,79.01960784313725
HE van der Dussen,22.0,24.0,2.0,0.0,9.0,3.0,91.66666666666666,8.333333333333332,37.5,0.0,0.0,0.0,0.0,0.0,0.0,0.0,0.0,Limited-sample batter,60.83333333333333,4.800000000000001,60.83333333333333
HF Gurney,1.0,5.0,0.0,0.0,4.0,1.0,20.0,0.0,80.0,162.0,231.0,7.0,50.0,8.0,8.555555555555555,4.320987654320987,30.864197530864196,All-rounder,14.0,9.279012345679012,14.0
HH Gibbs,886.0,805.0,83.0,31.0,354.0,36.0,110.06211180124224,14.161490683229813,43.975155279503106,0.0,0.0,0.0,0.0,0.0,0.0,0.0,0.0,Anchor / accumulator,70.48447204968944,4.800000000000001,70.48447204968944
HH Pandya,2964.0,2015.0,228.0,157.0,644.0,150.0,147.09677419354838,19.106699751861044,31.960297766749378,1764.0,2650.0,82.0,584.0,116.0,9.013605442176871,4.648526077097506,33.10657596371882,All-rounder,92.88833746898263,9.675283446712019,92.88833746898263
HM Amla,577.0,406.0,60.0,21.0,130.0,16.0,142.11822660098522,19.950738916256157,32.01970443349754,0.0,0.0,0.0,0.0,0.0,0.0,0.0,0.0,Aggressive batter,90.64039408866995,4.800000000000001,90.64039408866995
HR Shokeen,66.0,65.0,9.0,0.0,29.0,5.0,101.53846153846153,13.846153846153847,44.61538461538462,204.0,301.0,5.0,78.0,13.0,8.852941176470589,2.450980392156863,38.23529411764706,All-rounder,66.0,9.886274509803922,66.0
HV Patel,280.0,238.0,18.0,15.0,96.0,44.0,117.64705882352942,13.865546218487395,40.33613445378151,2506.0,3552.0,151.0,807.0,121.0,8.50438946528332,6.025538707102953,32.20271348762969,All-rounder,74.91596638655463,10.249002394253791,74.91596638655463
Harbhajan Singh,833.0,599.0,79.0,42.0,236.0,88.0,139.0651085141903,20.20033388981636,39.39899833055092,3416.0,3928.0,150.0,1263.0,160.0,6.899297423887587,4.391100702576113,36.97306791569087,All-rounder,87.71285475792988,11.191334894613584,87.71285475792988
Harmeet Singh,18.0,12.0,3.0,0.0,5.0,4.0,150.0,25.0,41.66666666666667,549.0,698.0,27.0,201.0,28.0,7.628415300546448,4.918032786885246,36.6120218579235,All-rounder,94.16666666666667,11.038251366120221,94.16666666666667
Harpreet Brar,249.0,206.0,20.0,10.0,75.0,27.0,120.87378640776699,14.563106796116504,36.407766990291265,859.0,1122.0,37.0,285.0,48.0,7.837019790454016,4.307334109429569,33.17811408614668,All-rounder,77.52427184466019,10.023748544819558,77.52427184466019
Harpreet Singh,123.0,118.0,10.0,3.0,46.0,8.0,104.23728813559323,11.016949152542372,38.983050847457626,0.0,0.0,0.0,0.0,0.0,0.0,0.0,0.0,Limited-sample batter,67.6271186440678,4.800000000000001,67.6271186440678
Harsh Dubey,13.0,9.0,2.0,0.0,3.0,4.0,144.44444444444443,22.22222222222222,33.33333333333333,192.0,317.0,13.0,54.0,11.0,9.90625,6.770833333333333,28.125,All-rounder,92.22222222222223,9.170833333333334,92.22222222222223
Harshit Rana,59.0,55.0,5.0,3.0,29.0,10.0,107.27272727272728,14.545454545454545,52.72727272727272,649.0,999.0,40.0,247.0,32.0,9.235747303543913,6.163328197226503,38.058551617873654,All-rounder,67.45454545454545,11.182742681047767,67.45454545454545
Himmat Singh,92.0,65.0,5.0,5.0,19.0,5.0,141.53846153846155,15.384615384615385,29.230769230769234,0.0,0.0,0.0,0.0,0.0,0.0,0.0,0.0,Limited-sample batter,89.53846153846155,4.800000000000001,89.53846153846155
I Malhotra,7.0,4.0,1.0,0.0,0.0,1.0,175.0,25.0,0.0,6.0,23.0,0.0,0.0,1.0,23.0,0.0,0.0,All-rounder,115.0,0.0,115.0
I Sharma,57.0,69.0,4.0,2.0,35.0,21.0,82.6086956521739,8.695652173913043,50.72463768115942,2419.0,3218.0,96.0,999.0,117.0,7.981810665564282,3.968582058701943,41.29805704836709,All-rounder,53.768115942028984,11.454319966928484,53.768115942028984
I Udana,15.0,11.0,1.0,1.0,4.0,4.0,136.36363636363635,18.181818181818183,36.36363636363637,174.0,274.0,8.0,45.0,10.0,9.448275862068964,4.597701149425287,25.862068965517242,All-rounder,86.36363636363635,8.032183908045978,86.36363636363635
IC Pandey,0.0,2.0,0.0,0.0,2.0,1.0,0.0,0.0,100.0,462.0,584.0,18.0,212.0,24.0,7.584415584415584,3.896103896103896,45.887445887445885,All-rounder,0.0,12.5021645021645,12.5021645021645
IC Porel,0.0,0.0,0.0,0.0,0.0,0.0,0.0,0.0,0.0,24.0,37.0,1.0,7.0,1.0,9.25,4.166666666666666,29.166666666666668,Limited-sample bowler,20.0,8.600000000000001,20.0
IK Pathan,1150.0,947.0,88.0,38.0,304.0,82.0,121.43611404435057,13.305174234424499,32.101372756071804,2043.0,2569.0,80.0,835.0,101.0,7.544787077826725,3.915810083210964,40.87126774351444,All-rounder,78.28933474128827,11.522662750856583,78.28933474128827
IR Jaggi,76.0,97.0,6.0,0.0,46.0,7.0,78.35051546391753,6.185567010309279,47.42268041237113,0.0,0.0,0.0,0.0,0.0,0.0,0.0,0.0,Limited-sample batter,51.54639175257732,4.800000000000001,51.54639175257732
IS Sodhi,7.0,17.0,0.0,0.0,10.0,2.0,41.17647058823529,0.0,58.82352941176471,181.0,201.0,9.0,64.0,8.0,6.662983425414364,4.972375690607735,35.35911602209944,All-rounder,28.823529411764703,11.195580110497238,28.823529411764703
Imran Tahir,33.0,37.0,5.0,0.0,20.0,8.0,89.1891891891892,13.513513513513514,54.054054054054056,1316.0,1664.0,82.0,437.0,59.0,7.5866261398176285,6.231003039513678,33.20668693009118,All-rounder,57.83783783783784,10.899088145896656,57.83783783783784
Iqbal Abdulla,88.0,82.0,9.0,1.0,28.0,13.0,107.31707317073172,12.195121951219512,34.146341463414636,920.0,1083.0,40.0,331.0,48.0,7.0630434782608695,4.3478260869565215,35.97826086956522,All-rounder,70.48780487804878,10.909565217391304,70.48780487804878
Ishan Kishan,3600.0,2499.0,348.0,166.0,883.0,127.0,144.0576230492197,20.568227290916365,35.334133653461386,1.0,4.0,0.0,0.0,1.0,24.0,0.0,0.0,All-rounder,91.13245298119249,0.0,91.13245298119249
J Arunkumar,23.0,23.0,5.0,0.0,14.0,3.0,100.0,21.73913043478261,60.86956521739131,0.0,0.0,0.0,0.0,0.0,0.0,0.0,0.0,Limited-sample batter,64.34782608695652,4.800000000000001,64.34782608695652
J Botha,409.0,358.0,39.0,5.0,126.0,28.0,114.24581005586592,12.290502793296088,35.19553072625698,694.0,781.0,25.0,254.0,34.0,6.752161383285303,3.602305475504323,36.59942363112392,All-rounder,73.77094972067039,10.859942363112392,73.77094972067039
J Fraser-McGurk,385.0,191.0,39.0,30.0,78.0,15.0,201.57068062827227,36.12565445026178,40.83769633507853,0.0,0.0,0.0,0.0,0.0,0.0,0.0,0.0,Limited-sample batter,123.45549738219896,4.800000000000001,123.45549738219896
J Little,0.0,0.0,0.0,0.0,0.0,0.0,0.0,0.0,0.0,228.0,331.0,11.0,82.0,11.0,8.710526315789473,4.824561403508771,35.96491228070175,Limited-sample bowler,20.0,10.43859649122807,20.0
J Overton,151.0,92.0,14.0,7.0,24.0,8.0,164.1304347826087,22.82608695652174,26.08695652173913,204.0,319.0,14.0,64.0,13.0,9.382352941176471,6.862745098039216,31.372549019607842,All-rounder,103.69565217391303,10.066666666666666,103.69565217391303
J Suchith,70.0,61.0,6.0,3.0,25.0,9.0,114.75409836065573,14.754098360655737,40.98360655737705,420.0,585.0,19.0,140.0,21.0,8.357142857142858,4.523809523809524,33.33333333333333,All-rounder,73.60655737704917,9.933333333333334,73.60655737704917
J Syed Mohammad,29.0,26.0,4.0,0.0,10.0,5.0,111.53846153846155,15.384615384615385,38.46153846153847,192.0,279.0,8.0,47.0,11.0,8.71875,4.166666666666666,24.479166666666664,All-rounder,72.6923076923077,7.875,72.6923076923077
J Theron,10.0,12.0,1.0,0.0,5.0,4.0,83.33333333333334,8.333333333333332,41.66666666666667,221.0,288.0,11.0,68.0,10.0,7.8190045248868785,4.97737556561086,30.76923076923077,All-rounder,55.833333333333336,9.817194570135747,55.833333333333336
J Yadav,40.0,36.0,2.0,1.0,12.0,4.0,111.11111111111111,8.333333333333332,33.33333333333333,390.0,437.0,8.0,153.0,20.0,6.723076923076923,2.051282051282051,39.23076923076923,All-rounder,71.38888888888889,10.777435897435897,71.38888888888889
JA Duffy,0.0,0.0,0.0,0.0,0.0,0.0,0.0,0.0,0.0,144.0,251.0,9.0,54.0,6.0,10.458333333333334,6.25,37.5,Limited-sample bowler,20.0,10.616666666666667,20.0
JA Morkel,975.0,683.0,61.0,55.0,211.0,67.0,142.75256222547583,16.98389458272328,30.89311859443631,1723.0,2256.0,85.0,646.0,87.0,7.856065002901915,4.933255948926291,37.49274521183981,All-rounder,90.29282576866763,11.129425420777713,90.29282576866763
JA Richardson,17.0,26.0,2.0,0.0,16.0,3.0,65.38461538461539,7.6923076923076925,61.53846153846154,90.0,152.0,3.0,30.0,4.0,10.133333333333333,3.3333333333333335,33.33333333333333,All-rounder,42.69230769230769,8.746666666666666,42.69230769230769
JC Archer,326.0,219.0,18.0,22.0,78.0,40.0,148.8584474885845,18.2648401826484,35.61643835616438,1578.0,2061.0,84.0,677.0,68.0,7.836501901140684,5.323193916349809,42.90240811153359,All-rounder,92.78538812785389,12.37515842839037,92.78538812785389
JC Buttler,4647.0,3094.0,459.0,211.0,1063.0,136.0,150.1939237233355,21.654815772462833,34.3568196509373,0.0,0.0,0.0,0.0,0.0,0.0,0.0,0.0,Aggressive batter,94.72204266321914,4.800000000000001,94.72204266321914
JD Ryder,604.0,455.0,69.0,19.0,180.0,29.0,132.74725274725273,19.340659340659343,39.56043956043956,236.0,297.0,8.0,79.0,16.0,7.5508474576271185,3.389830508474576,33.47457627118644,All-rounder,84.26373626373626,9.830508474576272,84.26373626373626
JD Unadkat,201.0,169.0,16.0,7.0,62.0,28.0,118.93491124260356,13.609467455621301,36.68639053254438,2351.0,3430.0,114.0,757.0,115.0,8.753721820501914,4.849000425350915,32.19906422798809,All-rounder,76.2130177514793,9.67792428753722,76.2130177514793
JDP Oram,106.0,107.0,6.0,5.0,46.0,11.0,99.06542056074767,10.2803738317757,42.99065420560748,237.0,342.0,9.0,79.0,14.0,8.658227848101266,3.79746835443038,33.33333333333333,All-rounder,64.01869158878505,9.52236286919831,64.01869158878505
JDS Neesham,92.0,93.0,6.0,2.0,39.0,10.0,98.9247311827957,8.60215053763441,41.935483870967744,216.0,328.0,8.0,63.0,13.0,9.11111111111111,3.7037037037037033,29.166666666666668,All-rounder,63.655913978494624,8.470370370370372,63.655913978494624
JE Root,10.0,15.0,1.0,0.0,8.0,1.0,66.66666666666666,6.666666666666667,53.333333333333336,12.0,14.0,0.0,1.0,1.0,7.0,0.0,8.333333333333332,All-rounder,44.666666666666664,3.6666666666666665,44.666666666666664
JE Taylor,3.0,3.0,0.0,0.0,1.0,2.0,100.0,0.0,33.33333333333333,117.0,152.0,6.0,48.0,5.0,7.794871794871796,5.128205128205128,41.02564102564102,All-rounder,63.333333333333336,11.938461538461537,63.333333333333336
JEC Franklin,327.0,300.0,25.0,9.0,109.0,16.0,109.00000000000001,11.333333333333332,36.333333333333336,151.0,216.0,9.0,39.0,15.0,8.582781456953642,5.960264900662252,25.82781456953642,All-rounder,70.63333333333334,8.916556291390728,70.63333333333334
JG Bethell,163.0,116.0,21.0,6.0,42.0,9.0,140.51724137931035,23.275862068965516,36.206896551724135,0.0,0.0,0.0,0.0,0.0,0.0,0.0,0.0,Limited-sample batter,90.0,4.800000000000001,90.0
JH Kallis,2427.0,2213.0,255.0,44.0,878.0,95.0,109.6701310438319,13.51107094441934,39.67464979665613,1742.0,2222.0,65.0,601.0,89.0,7.653272101033295,3.731343283582089,34.50057405281286,All-rounder,70.95345684591052,10.13134328358209,70.95345684591052
JJ Bumrah,75.0,85.0,6.0,1.0,37.0,29.0,88.23529411764706,8.235294117647058,43.529411764705884,3653.0,4309.0,190.0,1458.0,158.0,7.077470572132494,5.201204489460717,39.91240076649329,All-rounder,57.88235294117647,12.03197372022995,57.88235294117647
JJ Roy,614.0,441.0,75.0,21.0,170.0,21.0,139.22902494331066,21.768707482993197,38.54875283446712,0.0,0.0,0.0,0.0,0.0,0.0,0.0,0.0,Anchor / accumulator,88.43537414965986,4.800000000000001,88.43537414965986
JJ van der Wath,18.0,16.0,1.0,1.0,7.0,3.0,112.5,12.5,43.75,72.0,125.0,3.0,29.0,3.0,10.416666666666668,4.166666666666666,40.27777777777778,All-rounder,71.25,10.355555555555554,71.25
JL Denly,0.0,1.0,0.0,0.0,1.0,1.0,0.0,0.0,100.0,0.0,0.0,0.0,0.0,0.0,0.0,0.0,0.0,Limited-sample batter,0.0,4.800000000000001,4.800000000000001
JL Pattinson,15.0,13.0,2.0,0.0,4.0,2.0,115.38461538461537,15.384615384615385,30.76923076923077,213.0,311.0,11.0,77.0,10.0,8.76056338028169,5.164319248826291,36.15023474178404,All-rounder,76.15384615384615,10.591549295774648,76.15384615384615
JM Bairstow,1674.0,1142.0,173.0,74.0,422.0,52.0,146.58493870402802,21.62872154115587,36.952714535901926,0.0,0.0,0.0,0.0,0.0,0.0,0.0,0.0,Aggressive batter,92.39054290718038,4.800000000000001,92.39054290718038
JM Kemp,26.0,24.0,1.0,1.0,10.0,2.0,108.33333333333333,8.333333333333332,41.66666666666667,44.0,51.0,3.0,15.0,5.0,6.954545454545455,6.8181818181818175,34.090909090909086,All-rounder,68.33333333333333,11.563636363636363,68.33333333333333
JM Sharma,1107.0,723.0,86.0,68.0,260.0,59.0,153.11203319502073,21.300138312586444,35.9612724757953,0.0,0.0,0.0,0.0,0.0,0.0,0.0,0.0,Aggressive batter,95.75380359612724,4.800000000000001,95.75380359612724
JO Holder,324.0,261.0,16.0,21.0,105.0,34.0,124.13793103448276,14.17624521072797,40.229885057471265,1225.0,1687.0,70.0,413.0,57.0,8.262857142857143,5.714285714285714,33.714285714285715,All-rounder,78.27586206896552,10.523428571428573,78.27586206896552
JP Behrendorff,6.0,9.0,0.0,0.0,3.0,2.0,66.66666666666666,0.0,33.33333333333333,366.0,535.0,19.0,139.0,17.0,8.770491803278688,5.191256830601093,37.97814207650273,All-rounder,46.666666666666664,10.963934426229507,46.666666666666664
JP Duminy,2029.0,1631.0,126.0,79.0,480.0,75.0,124.40220723482527,12.568976088289393,29.429797670141017,678.0,802.0,23.0,234.0,49.0,7.097345132743362,3.392330383480826,34.51327433628318,All-rounder,80.08583690987125,10.220648967551622,80.08583690987125
JP Faulkner,527.0,385.0,36.0,23.0,121.0,45.0,136.88311688311688,15.324675324675324,31.428571428571427,1238.0,1744.0,61.0,399.0,60.0,8.452342487883683,4.92730210016155,32.229402261712444,All-rounder,86.75324675324674,9.835864297253636,86.75324675324674
JP Inglis,544.0,313.0,58.0,28.0,98.0,16.0,173.80191693290735,27.47603833865815,31.309904153354633,0.0,0.0,0.0,0.0,0.0,0.0,0.0,0.0,Aggressive batter,108.8817891373802,4.800000000000001,108.8817891373802
JPR Scantlebury-Searles,8.0,6.0,0.0,1.0,3.0,2.0,133.33333333333331,16.666666666666664,50.0,42.0,86.0,2.0,7.0,3.0,12.285714285714285,4.761904761904762,16.666666666666664,All-rounder,81.66666666666666,5.238095238095238,81.66666666666666
JR Hazlewood,19.0,30.0,1.0,0.0,15.0,8.0,63.33333333333333,3.3333333333333335,50.0,1176.0,1652.0,72.0,494.0,52.0,8.428571428571427,6.122448979591836,42.00680272108844,All-rounder,42.666666666666664,12.278911564625853,42.666666666666664
JR Hopes,417.0,305.0,49.0,11.0,110.0,19.0,136.72131147540983,19.672131147540984,36.0655737704918,360.0,539.0,14.0,105.0,20.0,8.983333333333334,3.888888888888889,29.166666666666668,All-rounder,87.04918032786885,8.595555555555556,87.04918032786885
JR Philippe,78.0,77.0,9.0,1.0,34.0,5.0,101.29870129870129,12.987012987012985,44.15584415584416,0.0,0.0,0.0,0.0,0.0,0.0,0.0,0.0,Limited-sample batter,65.71428571428571,4.800000000000001,65.71428571428571
JW Hastings,0.0,0.0,0.0,0.0,0.0,0.0,0.0,0.0,0.0,58.0,63.0,3.0,31.0,3.0,6.517241379310345,5.172413793103448,53.44827586206896,Limited-sample bowler,20.0,14.951724137931034,20.0
Jalaj S Saxena,0.0,0.0,0.0,0.0,0.0,0.0,0.0,0.0,0.0,18.0,27.0,0.0,5.0,1.0,9.0,0.0,27.77777777777778,Limited-sample bowler,20.0,6.755555555555556,20.0
Jaskaran Singh,8.0,11.0,0.0,0.0,5.0,4.0,72.72727272727273,0.0,45.45454545454545,102.0,162.0,6.0,39.0,7.0,9.529411764705882,5.88235294117647,38.23529411764706,All-rounder,47.27272727272728,10.988235294117647,47.27272727272728
Joginder Sharma,36.0,30.0,1.0,2.0,10.0,5.0,120.0,10.0,33.33333333333333,256.0,402.0,12.0,71.0,15.0,9.421875,4.6875,27.734375,All-rounder,76.33333333333334,8.453125,76.33333333333334
K Goel,218.0,231.0,17.0,9.0,114.0,16.0,94.37229437229438,11.255411255411255,49.35064935064935,66.0,92.0,0.0,19.0,6.0,8.363636363636363,0.0,28.78787878787879,All-rounder,60.692640692640694,7.212121212121213,60.692640692640694
K Gowtham,247.0,147.0,15.0,17.0,48.0,27.0,168.02721088435376,21.768707482993197,32.6530612244898,588.0,797.0,21.0,206.0,35.0,8.13265306122449,3.571428571428571,35.034013605442176,All-rounder,104.01360544217688,9.982312925170069,104.01360544217688
K Kartikeya,12.0,17.0,1.0,0.0,7.0,4.0,70.58823529411765,5.88235294117647,41.17647058823529,282.0,397.0,12.0,85.0,16.0,8.446808510638299,4.25531914893617,30.141843971631204,All-rounder,48.82352941176471,9.151773049645389,48.82352941176471
K Khejroliya,0.0,0.0,0.0,0.0,0.0,0.0,0.0,0.0,0.0,151.0,265.0,6.0,39.0,9.0,10.529801324503312,3.9735099337748347,25.82781456953642,Limited-sample bowler,20.0,7.3430463576158935,20.0
K Rabada,262.0,238.0,21.0,11.0,101.0,34.0,110.08403361344538,13.445378151260504,42.436974789915965,2299.0,3257.0,151.0,906.0,101.0,8.50021748586342,6.568073075250108,39.40843845150066,All-rounder,70.58823529411765,11.908829926054807,70.58823529411765
K Santokie,0.0,0.0,0.0,0.0,0.0,0.0,0.0,0.0,0.0,48.0,87.0,3.0,15.0,2.0,10.875,6.25,31.25,Limited-sample bowler,20.0,9.2,20.0
K Upadhyay,12.0,9.0,0.0,1.0,3.0,2.0,133.33333333333331,11.11111111111111,33.33333333333333,54.0,79.0,0.0,20.0,3.0,8.777777777777779,0.0,37.03703703703704,All-rounder,83.33333333333331,8.696296296296296,83.33333333333331
K Yadav,0.0,4.0,0.0,0.0,4.0,1.0,0.0,0.0,100.0,54.0,84.0,2.0,13.0,3.0,9.333333333333334,3.7037037037037033,24.074074074074073,All-rounder,0.0,7.362962962962962,7.362962962962962
KA Jamieson,77.0,73.0,6.0,4.0,33.0,10.0,105.47945205479452,13.698630136986301,45.20547945205479,300.0,491.0,16.0,114.0,15.0,9.82,5.333333333333334,38.0,All-rounder,67.8082191780822,10.605333333333334,67.8082191780822
KA Maharaj,1.0,2.0,0.0,0.0,1.0,1.0,50.0,0.0,50.0,36.0,39.0,2.0,11.0,2.0,6.5,5.555555555555555,30.555555555555557,All-rounder,35.0,10.533333333333335,35.0
KA Pollard,3437.0,2315.0,221.0,224.0,787.0,168.0,148.46652267818575,19.222462203023756,33.99568034557235,1488.0,2077.0,69.0,405.0,107.0,8.375,4.637096774193548,27.21774193548387,All-rounder,93.20086393088553,8.748387096774193,93.20086393088553
KAJ Roach,10.0,9.0,1.0,0.0,3.0,1.0,111.11111111111111,11.11111111111111,33.33333333333333,48.0,76.0,0.0,20.0,2.0,9.5,0.0,41.66666666666667,All-rounder,72.22222222222223,9.333333333333334,72.22222222222223
KB Arun Karthik,51.0,51.0,4.0,1.0,17.0,8.0,100.0,9.803921568627452,33.33333333333333,0.0,0.0,0.0,0.0,0.0,0.0,0.0,0.0,Limited-sample batter,66.27450980392157,4.800000000000001,66.27450980392157
KC Cariappa,24.0,21.0,0.0,2.0,8.0,5.0,114.28571428571428,9.523809523809524,38.095238095238095,216.0,340.0,8.0,61.0,11.0,9.444444444444445,3.7037037037037033,28.240740740740737,All-rounder,72.38095238095238,8.151851851851852,72.38095238095238
KC Sangakkara,1687.0,1385.0,195.0,27.0,484.0,68.0,121.80505415162455,16.028880866425993,34.94584837545126,0.0,0.0,0.0,0.0,0.0,0.0,0.0,0.0,Anchor / accumulator,78.72202166064982,4.800000000000001,78.72202166064982
KD Karthik,4843.0,3570.0,466.0,161.0,1151.0,233.0,135.65826330532212,17.56302521008403,32.24089635854342,0.0,0.0,0.0,0.0,0.0,0.0,0.0,0.0,Anchor / accumulator,86.64985994397759,4.800000000000001,86.64985994397759
KH Pandya,1982.0,1476.0,173.0,76.0,508.0,123.0,134.28184281842817,16.869918699186993,34.417344173441734,2701.0,3308.0,107.0,845.0,147.0,7.348389485375787,3.9614957423176604,31.284709366901147,All-rounder,85.31842818428184,9.702184376156978,85.31842818428184
KJ Abbott,13.0,8.0,0.0,1.0,3.0,3.0,162.5,12.5,37.5,96.0,170.0,2.0,28.0,5.0,10.625,2.083333333333333,29.166666666666668,All-rounder,97.5,7.216666666666667,97.5
KK Ahmed,2.0,9.0,0.0,0.0,7.0,6.0,22.22222222222222,0.0,77.77777777777779,1657.0,2386.0,91.0,683.0,76.0,8.63971031985516,5.491852745926373,41.2190706095353,All-rounder,15.555555555555554,11.784671092335547,15.555555555555554
KK Cooper,116.0,67.0,9.0,8.0,26.0,12.0,173.13432835820893,25.37313432835821,38.80597014925373,576.0,725.0,33.0,184.0,25.0,7.552083333333334,5.729166666666666,31.944444444444443,All-rounder,106.41791044776119,10.459722222222222,106.41791044776119
KK Nair,1712.0,1301.0,188.0,49.0,477.0,78.0,131.59108378170637,18.216756341275943,36.6641045349731,0.0,0.0,0.0,0.0,0.0,0.0,0.0,0.0,Anchor / accumulator,83.92774788624135,4.800000000000001,83.92774788624135
KL Nagarkoti,22.0,33.0,1.0,0.0,16.0,7.0,66.66666666666666,3.0303030303030303,48.484848484848484,180.0,280.0,5.0,50.0,11.0,9.333333333333334,2.7777777777777777,27.77777777777778,All-rounder,44.54545454545454,7.733333333333334,44.54545454545454
KL Rahul,5828.0,4175.0,509.0,239.0,1322.0,149.0,139.59281437125748,17.91616766467066,31.66467065868264,0.0,0.0,0.0,0.0,0.0,0.0,0.0,0.0,Anchor / accumulator,88.83832335329342,4.800000000000001,88.83832335329342
KM Asif,0.0,2.0,0.0,0.0,2.0,1.0,0.0,0.0,100.0,133.0,219.0,7.0,46.0,7.0,9.879699248120302,5.263157894736842,34.58646616541353,All-rounder,0.0,9.870676691729322,9.870676691729322
KM Jadhav,1208.0,969.0,102.0,40.0,325.0,81.0,124.66460268317854,14.654282765737875,33.539731682146545,0.0,0.0,0.0,0.0,0.0,0.0,0.0,0.0,Anchor / accumulator,80.02063983488134,4.800000000000001,80.02063983488134
KMA Paul,18.0,24.0,1.0,1.0,13.0,5.0,75.0,8.333333333333332,54.166666666666664,163.0,216.0,9.0,52.0,8.0,7.950920245398772,5.521472392638037,31.901840490797547,All-rounder,49.16666666666667,10.208588957055216,49.16666666666667
KMDN Kulasekara,5.0,3.0,1.0,0.0,0.0,1.0,166.66666666666669,33.33333333333333,0.0,102.0,115.0,5.0,45.0,5.0,6.764705882352941,4.901960784313726,44.11764705882353,All-rounder,113.33333333333334,12.87843137254902,113.33333333333334
KP Appanna,2.0,4.0,0.0,0.0,1.0,3.0,50.0,0.0,25.0,216.0,278.0,9.0,68.0,13.0,7.722222222222221,4.166666666666666,31.48148148148148,All-rounder,40.0,9.674074074074074,40.0
KP Pietersen,1001.0,742.0,91.0,40.0,257.0,36.0,134.9056603773585,17.654986522911052,34.63611859838275,174.0,205.0,7.0,54.0,13.0,7.068965517241379,4.022988505747127,31.03448275862069,All-rounder,85.82210242587601,9.788505747126438,85.82210242587601
KR Mayers,379.0,258.0,38.0,22.0,119.0,13.0,146.89922480620154,23.25581395348837,46.12403100775194,42.0,55.0,0.0,14.0,6.0,7.857142857142858,0.0,33.33333333333333,All-rounder,91.20155038759691,8.323809523809523,91.20155038759691
KR Sen,0.0,3.0,0.0,0.0,3.0,1.0,0.0,0.0,100.0,241.0,372.0,14.0,83.0,12.0,9.261410788381744,5.809128630705394,34.439834024896264,All-rounder,0.0,10.307053941908714,10.307053941908714
KS Bharat,199.0,161.0,12.0,8.0,53.0,8.0,123.6024844720497,12.422360248447205,32.91925465838509,0.0,0.0,0.0,0.0,0.0,0.0,0.0,0.0,Limited-sample batter,78.94409937888199,4.800000000000001,78.94409937888199
KS Rathore,0.0,5.0,0.0,0.0,5.0,1.0,0.0,0.0,100.0,0.0,0.0,0.0,0.0,0.0,0.0,0.0,0.0,Limited-sample batter,0.0,4.800000000000001,4.800000000000001
KS Sharma,16.0,25.0,1.0,0.0,12.0,3.0,64.0,4.0,48.0,0.0,0.0,0.0,0.0,0.0,0.0,0.0,0.0,Limited-sample batter,43.6,4.800000000000001,43.6
KS Williamson,2132.0,1692.0,187.0,64.0,558.0,76.0,126.0047281323877,14.83451536643026,32.97872340425532,18.0,31.0,0.0,2.0,2.0,10.333333333333334,0.0,11.11111111111111,All-rounder,80.85697399527186,2.888888888888889,80.85697399527186
KT Maphaka,8.0,2.0,2.0,0.0,0.0,1.0,400.0,100.0,0.0,66.0,138.0,2.0,22.0,4.0,12.545454545454545,3.0303030303030303,33.33333333333333,All-rounder,250.0,7.878787878787878,250.0
KV Sharma,352.0,295.0,20.0,17.0,101.0,40.0,119.3220338983051,12.54237288135593,34.23728813559322,1585.0,2189.0,83.0,507.0,87.0,8.286435331230283,5.236593059936909,31.98738170347003,All-rounder,76.57627118644069,9.977539432176657,76.57627118644069
KW Richardson,36.0,39.0,2.0,1.0,17.0,4.0,92.3076923076923,7.6923076923076925,43.58974358974359,335.0,458.0,19.0,129.0,15.0,8.202985074626865,5.6716417910447765,38.50746268656716,All-rounder,59.743589743589745,11.488955223880597,59.743589743589745
Kamran Akmal,128.0,77.0,13.0,8.0,31.0,6.0,166.23376623376623,27.27272727272727,40.25974025974026,0.0,0.0,0.0,0.0,0.0,0.0,0.0,0.0,Limited-sample batter,103.24675324675326,4.800000000000001,103.24675324675326
Kamran Khan,3.0,5.0,0.0,0.0,3.0,1.0,60.0,0.0,60.0,166.0,228.0,10.0,63.0,9.0,8.240963855421686,6.024096385542169,37.95180722891566,All-rounder,38.0,11.503614457831326,38.0
Karanveer Singh,12.0,17.0,1.0,0.0,9.0,4.0,70.58823529411765,5.88235294117647,52.94117647058824,204.0,312.0,12.0,64.0,9.0,9.176470588235293,5.88235294117647,31.372549019607842,All-rounder,46.47058823529412,9.75686274509804,46.47058823529412
Karim Janat,0.0,0.0,0.0,0.0,0.0,0.0,0.0,0.0,0.0,6.0,30.0,0.0,0.0,1.0,30.0,0.0,0.0,Limited-sample bowler,20.0,0.0,20.0
Kartik Sharma,295.0,216.0,24.0,16.0,84.0,11.0,136.57407407407408,18.51851851851852,38.88888888888889,0.0,0.0,0.0,0.0,0.0,0.0,0.0,0.0,Limited-sample batter,86.06481481481481,4.800000000000001,86.06481481481481
Kartik Tyagi,24.0,26.0,2.0,1.0,12.0,9.0,92.3076923076923,11.538461538461538,46.15384615384615,728.0,1162.0,33.0,255.0,33.0,9.576923076923077,4.532967032967033,35.027472527472526,All-rounder,60.38461538461539,9.787912087912087,60.38461538461539
Krish Bhagat,10.0,21.0,0.0,0.0,11.0,2.0,47.61904761904761,0.0,52.38095238095239,36.0,63.0,0.0,15.0,3.0,10.5,0.0,41.66666666666667,All-rounder,33.33333333333333,8.933333333333334,33.33333333333333
Kuldeep Yadav,210.0,253.0,18.0,3.0,120.0,41.0,83.00395256916995,8.300395256916996,47.43083003952569,2286.0,3099.0,112.0,684.0,107.0,8.133858267716535,4.899387576552931,29.92125984251969,All-rounder,54.50592885375494,9.490463692038496,54.50592885375494
Kumar Kushagra,21.0,21.0,3.0,0.0,11.0,4.0,100.0,14.285714285714285,52.38095238095239,0.0,0.0,0.0,0.0,0.0,0.0,0.0,0.0,Limited-sample batter,63.80952380952381,4.800000000000001,63.80952380952381
L Ablish,0.0,2.0,0.0,0.0,2.0,1.0,0.0,0.0,100.0,42.0,72.0,3.0,10.0,3.0,10.285714285714285,7.142857142857142,23.809523809523807,All-rounder,0.0,8.304761904761905,8.304761904761905
L Balaji,36.0,49.0,2.0,1.0,25.0,13.0,73.46938775510205,6.122448979591836,51.02040816326531,1512.0,1952.0,76.0,537.0,73.0,7.746031746031745,5.026455026455026,35.51587301587302,All-rounder,48.36734693877551,10.815343915343917,48.36734693877551
L Ngidi,4.0,8.0,0.0,0.0,5.0,4.0,50.0,0.0,62.5,620.0,844.0,42.0,238.0,27.0,8.167741935483871,6.774193548387098,38.387096774193544,All-rounder,32.5,11.92,32.5
L Ronchi,34.0,34.0,6.0,1.0,23.0,5.0,100.0,20.588235294117645,67.64705882352942,0.0,0.0,0.0,0.0,0.0,0.0,0.0,0.0,Limited-sample batter,62.647058823529406,4.800000000000001,62.647058823529406
L Wood,9.0,3.0,0.0,1.0,0.0,1.0,300.0,33.33333333333333,0.0,36.0,91.0,1.0,8.0,2.0,15.166666666666666,2.7777777777777777,22.22222222222222,All-rounder,180.0,5.555555555555555,180.0
LA Carseldine,81.0,66.0,11.0,0.0,26.0,5.0,122.72727272727273,16.666666666666664,39.39393939393939,6.0,5.0,1.0,4.0,1.0,5.0,16.666666666666664,66.66666666666666,All-rounder,78.48484848484848,22.799999999999997,78.48484848484848
LA Pomersbach,302.0,243.0,25.0,13.0,92.0,16.0,124.27983539094649,15.637860082304528,37.86008230452675,0.0,0.0,0.0,0.0,0.0,0.0,0.0,0.0,Limited-sample batter,79.25925925925925,4.800000000000001,79.25925925925925
LB Williams,1.0,2.0,0.0,0.0,1.0,1.0,50.0,0.0,50.0,36.0,61.0,1.0,12.0,2.0,10.166666666666666,2.7777777777777777,33.33333333333333,All-rounder,35.0,8.511111111111111,35.0
LE Plunkett,1.0,3.0,0.0,0.0,2.0,2.0,33.33333333333333,0.0,66.66666666666666,150.0,221.0,4.0,39.0,7.0,8.84,2.666666666666667,26.0,All-rounder,23.333333333333332,7.530666666666667,23.333333333333332
LG Pretorius,7.0,8.0,0.0,0.0,2.0,2.0,87.5,0.0,25.0,0.0,0.0,0.0,0.0,0.0,0.0,0.0,0.0,Limited-sample batter,58.75,4.800000000000001,58.75
LH Ferguson,72.0,46.0,7.0,2.0,11.0,8.0,156.52173913043478,19.565217391304348,23.91304347826087,1092.0,1606.0,54.0,396.0,52.0,8.824175824175825,4.945054945054945,36.26373626373626,All-rounder,99.34782608695652,10.501098901098901,99.34782608695652
LI Meriwala,0.0,0.0,0.0,0.0,0.0,0.0,0.0,0.0,0.0,18.0,31.0,1.0,6.0,1.0,10.333333333333334,5.555555555555555,33.33333333333333,Limited-sample bowler,20.0,9.555555555555555,20.0
LJ Wright,106.0,59.0,16.0,3.0,19.0,5.0,179.66101694915255,32.20338983050847,32.20338983050847,71.0,120.0,2.0,14.0,6.0,10.140845070422536,2.8169014084507045,19.718309859154928,All-rounder,113.05084745762713,5.814084507042253,113.05084745762713
LMP Simmons,1079.0,848.0,109.0,44.0,359.0,29.0,127.24056603773586,18.04245283018868,42.33490566037736,18.0,34.0,1.0,2.0,1.0,11.333333333333332,5.555555555555555,11.11111111111111,All-rounder,80.56603773584906,4.711111111111112,80.56603773584906
LPC Silva,40.0,26.0,5.0,1.0,7.0,3.0,153.84615384615387,23.076923076923077,26.923076923076923,6.0,21.0,0.0,0.0,1.0,21.0,0.0,0.0,All-rounder,98.46153846153847,0.0,98.46153846153847
LR Shukla,405.0,350.0,33.0,16.0,130.0,33.0,115.71428571428572,14.000000000000002,37.142857142857146,314.0,429.0,15.0,109.0,27.0,8.197452229299364,4.777070063694268,34.71337579617834,All-rounder,74.62857142857143,10.37452229299363,74.62857142857143
LRPL Taylor,1017.0,818.0,66.0,46.0,283.0,54.0,124.3276283618582,13.691931540342297,34.59657701711492,12.0,23.0,0.0,0.0,2.0,11.5,0.0,0.0,All-rounder,79.3520782396088,0.2,79.3520782396088
LS Livingstone,1066.0,680.0,70.0,76.0,228.0,49.0,156.76470588235293,21.470588235294116,33.52941176470588,312.0,460.0,13.0,81.0,27.0,8.846153846153847,4.166666666666666,25.961538461538463,All-rounder,98.11764705882352,8.120512820512822,98.11764705882352
Lalit Yadav,305.0,285.0,27.0,7.0,108.0,21.0,107.01754385964912,11.929824561403509,37.89473684210527,288.0,419.0,10.0,82.0,19.0,8.729166666666668,3.4722222222222223,28.47222222222222,All-rounder,69.50877192982456,8.391666666666666,69.50877192982456
Liton Das,4.0,4.0,1.0,0.0,3.0,1.0,100.0,25.0,75.0,0.0,0.0,0.0,0.0,0.0,0.0,0.0,0.0,Limited-sample batter,62.5,4.800000000000001,62.5
M Ashwin,35.0,50.0,2.0,1.0,27.0,12.0,70.0,6.0,54.0,870.0,1131.0,35.0,283.0,44.0,7.800000000000001,4.022988505747127,32.52873563218391,All-rounder,46.0,9.794942528735632,46.0
M Jansen,192.0,174.0,9.0,9.0,59.0,25.0,110.34482758620689,10.344827586206897,33.90804597701149,1017.0,1551.0,45.0,361.0,47.0,9.150442477876107,4.424778761061947,35.49655850540807,All-rounder,71.49425287356323,10.009046214355951,71.49425287356323
M Kaif,259.0,249.0,22.0,6.0,106.0,22.0,104.01606425702812,11.244979919678714,42.570281124497996,0.0,0.0,0.0,0.0,0.0,0.0,0.0,0.0,Limited-sample batter,66.86746987951807,4.800000000000001,66.86746987951807
M Kartik,113.0,107.0,7.0,1.0,29.0,14.0,105.60747663551402,7.476635514018691,27.102803738317753,1149.0,1341.0,31.0,382.0,55.0,7.002610966057441,2.6979982593559617,33.246301131418626,All-rounder,69.62616822429906,9.727415143603135,69.62616822429906
M Klinger,73.0,75.0,9.0,0.0,33.0,4.0,97.33333333333334,12.0,44.0,0.0,0.0,0.0,0.0,0.0,0.0,0.0,0.0,Limited-sample batter,63.466666666666676,4.800000000000001,63.466666666666676
M Manhas,514.0,470.0,43.0,10.0,174.0,38.0,109.36170212765957,11.27659574468085,37.02127659574468,42.0,42.0,0.0,15.0,3.0,6.0,0.0,35.714285714285715,All-rounder,70.65957446808511,9.542857142857144,70.65957446808511
M Markande,48.0,42.0,5.0,1.0,14.0,10.0,114.28571428571428,14.285714285714285,33.33333333333333,750.0,1126.0,37.0,215.0,40.0,9.008000000000001,4.933333333333334,28.666666666666668,All-rounder,74.76190476190476,8.903466666666667,74.76190476190476
M Morkel,126.0,89.0,11.0,5.0,32.0,20.0,141.57303370786516,17.97752808988764,35.95505617977528,1629.0,2005.0,77.0,708.0,70.0,7.384898710865562,4.7268262737876,43.462246777163905,All-rounder,88.98876404494382,12.429220380601597,88.98876404494382
M Muralitharan,20.0,29.0,1.0,0.0,15.0,9.0,68.96551724137932,3.4482758620689653,51.724137931034484,1528.0,1642.0,64.0,600.0,66.0,6.447643979057592,4.18848167539267,39.26701570680628,All-rounder,45.17241379310345,11.749738219895288,45.17241379310345
M Ntini,11.0,18.0,2.0,0.0,14.0,2.0,61.111111111111114,11.11111111111111,77.77777777777779,210.0,238.0,7.0,99.0,9.0,6.8,3.3333333333333335,47.14285714285714,All-rounder,38.333333333333336,12.841904761904763,38.333333333333336
M Pathirana,0.0,0.0,0.0,0.0,0.0,0.0,0.0,0.0,0.0,710.0,918.0,47.0,240.0,33.0,7.75774647887324,6.619718309859154,33.80281690140845,Regular bowler,20.0,11.105352112676055,20.0
M Prasidh Krishna,15.0,31.0,1.0,0.0,19.0,8.0,48.38709677419355,3.225806451612903,61.29032258064516,1739.0,2495.0,91.0,688.0,78.0,8.608395629672225,5.23289246693502,39.56296722254169,All-rounder,32.903225806451616,11.362392179413456,32.903225806451616
M Rawat,55.0,69.0,4.0,1.0,30.0,11.0,79.71014492753623,7.246376811594203,43.47826086956522,0.0,0.0,0.0,0.0,0.0,0.0,0.0,0.0,Limited-sample batter,53.33333333333333,4.800000000000001,53.33333333333333
M Shahrukh Khan,775.0,523.0,49.0,52.0,178.0,53.0,148.18355640535373,19.311663479923517,34.03441682600382,18.0,28.0,1.0,4.0,3.0,9.333333333333334,5.555555555555555,22.22222222222222,All-rounder,93.07839388145315,7.733333333333333,93.07839388145315
M Siddharth,0.0,0.0,0.0,0.0,0.0,0.0,0.0,0.0,0.0,186.0,273.0,9.0,59.0,9.0,8.806451612903226,4.838709677419355,31.72043010752688,Limited-sample bowler,20.0,9.556989247311828,20.0
M Theekshana,17.0,34.0,0.0,1.0,20.0,6.0,50.0,2.941176470588235,58.82352941176471,876.0,1173.0,36.0,260.0,38.0,8.034246575342465,4.10958904109589,29.68036529680365,All-rounder,34.11764705882353,9.166210045662101,34.11764705882353
M Tiwari,21.0,12.0,2.0,1.0,3.0,2.0,175.0,25.0,25.0,66.0,92.0,4.0,19.0,4.0,8.363636363636363,6.0606060606060606,28.78787878787879,All-rounder,110.0,9.636363636363637,110.0
M Vijay,2619.0,2147.0,247.0,91.0,893.0,105.0,121.98416394969725,15.74289706567303,41.5929203539823,36.0,48.0,0.0,8.0,4.0,8.0,0.0,22.22222222222222,All-rounder,77.39636702375407,6.044444444444444,77.39636702375407
M Vohra,1083.0,828.0,104.0,43.0,345.0,51.0,130.79710144927537,17.753623188405797,41.66666666666667,0.0,0.0,0.0,0.0,0.0,0.0,0.0,0.0,Anchor / accumulator,82.3913043478261,4.800000000000001,82.3913043478261
M de Lange,1.0,2.0,0.0,0.0,1.0,1.0,50.0,0.0,50.0,108.0,157.0,5.0,39.0,5.0,8.722222222222221,4.62962962962963,36.11111111111111,All-rounder,35.0,10.385185185185186,35.0
MA Agarwal,2764.0,2053.0,275.0,100.0,738.0,125.0,134.63224549439846,18.26595226497808,35.94739405747686,0.0,0.0,0.0,0.0,0.0,0.0,0.0,0.0,Anchor / accumulator,85.60642961519727,4.800000000000001,85.60642961519727
MA Khote,24.0,22.0,2.0,1.0,7.0,3.0,109.09090909090908,13.636363636363635,31.818181818181817,30.0,51.0,2.0,5.0,2.0,10.2,6.666666666666667,16.666666666666664,All-rounder,72.27272727272727,6.720000000000001,72.27272727272727
MA Starc,111.0,121.0,11.0,0.0,47.0,22.0,91.73553719008265,9.090909090909092,38.84297520661157,1196.0,1658.0,76.0,470.0,56.0,8.317725752508363,6.354515050167224,39.297658862876254,All-rounder,60.82644628099174,11.874247491638796,60.82644628099174
MA Wood,12.0,8.0,1.0,1.0,4.0,3.0,150.0,25.0,50.0,120.0,172.0,11.0,47.0,5.0,8.6,9.166666666666666,39.166666666666664,All-rounder,92.5,12.86,92.5
MB Parmar,0.0,0.0,0.0,0.0,0.0,0.0,0.0,0.0,0.0,18.0,32.0,0.0,4.0,1.0,10.666666666666666,0.0,22.22222222222222,Limited-sample bowler,20.0,4.977777777777778,20.0
MC Henriques,1000.0,785.0,87.0,28.0,256.0,54.0,127.38853503184713,14.64968152866242,32.611464968152866,950.0,1256.0,42.0,306.0,60.0,7.932631578947368,4.421052631578947,32.21052631578947,All-rounder,81.56687898089172,9.837473684210527,81.56687898089172
MC Juneja,125.0,128.0,11.0,1.0,45.0,7.0,97.65625,9.375,35.15625,0.0,0.0,0.0,0.0,0.0,0.0,0.0,0.0,Limited-sample batter,64.609375,4.800000000000001,64.609375
MD Choudhary,170.0,120.0,11.0,12.0,46.0,10.0,141.66666666666669,19.166666666666668,38.333333333333336,0.0,0.0,0.0,0.0,0.0,0.0,0.0,0.0,Limited-sample batter,88.91666666666667,4.800000000000001,88.91666666666667
MD Mishra,237.0,206.0,24.0,8.0,93.0,17.0,115.04854368932038,15.53398058252427,45.14563106796117,0.0,0.0,0.0,0.0,0.0,0.0,0.0,0.0,Limited-sample batter,73.15533980582524,4.800000000000001,73.15533980582524
MD Shanaka,89.0,72.0,5.0,5.0,29.0,8.0,123.61111111111111,13.88888888888889,40.27777777777778,36.0,58.0,1.0,7.0,3.0,9.666666666666668,2.7777777777777777,19.444444444444446,All-rounder,77.91666666666667,5.933333333333334,77.91666666666667
MDKJ Perera,14.0,13.0,3.0,0.0,7.0,2.0,107.6923076923077,23.076923076923077,53.84615384615385,0.0,0.0,0.0,0.0,0.0,0.0,0.0,0.0,Limited-sample batter,70.0,4.800000000000001,70.0
MEK Hussey,1977.0,1610.0,198.0,52.0,572.0,58.0,122.79503105590062,15.527950310559005,35.52795031055901,0.0,0.0,0.0,0.0,0.0,0.0,0.0,0.0,Anchor / accumulator,78.95031055900621,4.800000000000001,78.95031055900621
MF Maharoof,177.0,123.0,12.0,9.0,40.0,14.0,143.90243902439025,17.073170731707318,32.52032520325203,420.0,494.0,27.0,165.0,20.0,7.057142857142857,6.428571428571428,39.285714285714285,All-rounder,90.56910569105692,12.405714285714286,90.56910569105692
MG Bracewell,58.0,47.0,6.0,1.0,12.0,4.0,123.40425531914893,14.893617021276595,25.53191489361702,66.0,95.0,6.0,26.0,5.0,8.636363636363637,9.090909090909092,39.39393939393939,All-rounder,81.06382978723404,12.860606060606061,81.06382978723404
MG Johnson,167.0,163.0,10.0,7.0,69.0,28.0,102.45398773006136,10.429447852760736,42.331288343558285,1235.0,1633.0,62.0,535.0,54.0,7.933603238866397,5.020242914979757,43.31983805668016,All-rounder,65.88957055214723,12.298623481781377,65.88957055214723
MG Neser,0.0,0.0,0.0,0.0,0.0,0.0,0.0,0.0,0.0,24.0,61.0,0.0,5.0,1.0,15.25,0.0,20.833333333333336,Limited-sample bowler,20.0,4.166666666666667,20.0
MJ Clarke,98.0,94.0,12.0,0.0,38.0,6.0,104.25531914893618,12.76595744680851,40.42553191489361,66.0,67.0,2.0,22.0,5.0,6.090909090909091,3.0303030303030303,33.33333333333333,All-rounder,67.87234042553192,10.242424242424242,67.87234042553192
MJ Guptill,271.0,196.0,24.0,15.0,87.0,13.0,138.26530612244898,19.897959183673468,44.38775510204081,0.0,0.0,0.0,0.0,0.0,0.0,0.0,0.0,Limited-sample batter,86.22448979591836,4.800000000000001,86.22448979591836
MJ Henry,7.0,10.0,1.0,0.0,6.0,2.0,70.0,10.0,60.0,162.0,307.0,4.0,40.0,9.0,11.37037037037037,2.4691358024691357,24.691358024691358,All-rounder,46.0,6.177777777777779,46.0
MJ Lumb,278.0,191.0,45.0,6.0,83.0,12.0,145.5497382198953,26.701570680628272,43.455497382198956,0.0,0.0,0.0,0.0,0.0,0.0,0.0,0.0,Limited-sample batter,92.09424083769633,4.800000000000001,92.09424083769633
MJ McClenaghan,85.0,69.0,5.0,7.0,34.0,20.0,123.18840579710144,17.391304347826086,49.275362318840585,1274.0,1726.0,71.0,507.0,56.0,8.128728414442701,5.572998430141287,39.795918367346935,All-rounder,76.95652173913044,11.736891679748823,76.95652173913044
MJ Owen,0.0,2.0,0.0,0.0,2.0,1.0,0.0,0.0,100.0,0.0,0.0,0.0,0.0,0.0,0.0,0.0,0.0,Limited-sample batter,0.0,4.800000000000001,4.800000000000001
MJ Santner,136.0,122.0,9.0,6.0,46.0,21.0,111.47540983606557,12.295081967213115,37.704918032786885,687.0,835.0,30.0,241.0,35.0,7.292576419213974,4.366812227074235,35.08005822416303,All-rounder,71.88524590163934,10.645705967976712,71.88524590163934
MJ Suthar,1.0,2.0,0.0,0.0,1.0,1.0,50.0,0.0,50.0,48.0,92.0,2.0,17.0,4.0,11.5,4.166666666666666,35.41666666666667,All-rounder,35.0,8.950000000000001,35.0
MK Lomror,527.0,372.0,33.0,30.0,106.0,35.0,141.66666666666669,16.93548387096774,28.49462365591398,90.0,123.0,1.0,22.0,11.0,8.2,1.1111111111111112,24.444444444444443,All-rounder,90.21505376344086,6.853333333333334,90.21505376344086
MK Pandey,4021.0,3288.0,348.0,118.0,1144.0,163.0,122.29318734793186,14.172749391727493,34.79318734793188,0.0,0.0,0.0,0.0,0.0,0.0,0.0,0.0,Anchor / accumulator,78.4397810218978,4.800000000000001,78.4397810218978
MK Tiwary,1695.0,1444.0,156.0,40.0,506.0,83.0,117.38227146814404,13.573407202216067,35.041551246537395,42.0,78.0,1.0,9.0,6.0,11.142857142857142,2.380952380952381,21.428571428571427,All-rounder,75.75484764542936,5.580952380952381,75.75484764542936
ML Hayden,1107.0,799.0,121.0,44.0,308.0,32.0,138.54818523153943,20.650813516896118,38.54818523153942,0.0,0.0,0.0,0.0,0.0,0.0,0.0,0.0,Anchor / accumulator,87.75969962453067,4.800000000000001,87.75969962453067
MM Ali,1167.0,831.0,95.0,67.0,309.0,59.0,140.4332129963899,19.494584837545126,37.18411552346571,854.0,1014.0,41.0,295.0,57.0,7.124121779859484,4.8009367681498825,34.54332552693209,All-rounder,88.62815884476535,10.779391100702577,88.62815884476535
MM Patel,39.0,41.0,5.0,0.0,17.0,12.0,95.1219512195122,12.195121951219512,41.46341463414634,1355.0,1670.0,74.0,590.0,63.0,7.394833948339484,5.461254612546126,43.542435424354245,All-rounder,62.926829268292686,12.735055350553507,62.926829268292686
MM Sharma,125.0,136.0,9.0,4.0,63.0,30.0,91.91176470588235,9.558823529411764,46.32352941176471,2403.0,3444.0,134.0,813.0,119.0,8.599250936329588,5.576362879733667,33.83270911360799,All-rounder,59.55882352941176,10.357386600083231,59.55882352941176
MN Samuels,161.0,172.0,9.0,7.0,75.0,14.0,93.6046511627907,9.30232558139535,43.604651162790695,214.0,278.0,9.0,79.0,11.0,7.794392523364486,4.205607476635514,36.915887850467286,All-rounder,60.872093023255815,10.74766355140187,60.872093023255815
MN van Wyk,167.0,131.0,19.0,1.0,37.0,5.0,127.48091603053436,15.267175572519085,28.24427480916031,0.0,0.0,0.0,0.0,0.0,0.0,0.0,0.0,Limited-sample batter,82.67175572519085,4.800000000000001,82.67175572519085
MP Breetzke,14.0,12.0,1.0,1.0,6.0,1.0,116.66666666666667,16.666666666666664,50.0,0.0,0.0,0.0,0.0,0.0,0.0,0.0,0.0,Limited-sample batter,73.33333333333334,4.800000000000001,73.33333333333334
MP Stoinis,2242.0,1511.0,181.0,117.0,489.0,108.0,148.3785572468564,19.72203838517538,32.36267372600927,935.0,1501.0,46.0,249.0,75.0,9.632085561497327,4.919786096256685,26.631016042780747,All-rounder,93.63335539377896,8.241283422459894,93.63335539377896
MP Yadav,5.0,5.0,1.0,0.0,3.0,1.0,100.0,20.0,60.0,217.0,354.0,9.0,92.0,10.0,9.788018433179724,4.147465437788019,42.3963133640553,All-rounder,64.0,11.023041474654377,64.0
MR Marsh,1855.0,1245.0,155.0,111.0,440.0,62.0,148.99598393574297,21.365461847389557,35.34136546184739,560.0,762.0,37.0,181.0,34.0,8.164285714285715,6.607142857142858,32.32142857142858,All-rounder,93.83935742971887,10.641428571428573,93.83935742971887
MS Bhandage,1.0,4.0,0.0,0.0,3.0,1.0,25.0,0.0,75.0,0.0,0.0,0.0,0.0,0.0,0.0,0.0,0.0,Limited-sample batter,17.5,4.800000000000001,17.5
MS Bisla,798.0,700.0,93.0,23.0,315.0,39.0,113.99999999999999,16.57142857142857,45.0,0.0,0.0,0.0,0.0,0.0,0.0,0.0,0.0,Anchor / accumulator,72.97142857142856,4.800000000000001,72.97142857142856
MS Dhoni,5439.0,3935.0,375.0,264.0,1248.0,241.0,138.22109275730622,16.238881829733167,31.715374841168998,0.0,0.0,0.0,0.0,0.0,0.0,0.0,0.0,Anchor / accumulator,87.63913595933927,4.800000000000001,87.63913595933927
MS Gony,99.0,70.0,6.0,8.0,32.0,15.0,141.42857142857144,20.0,45.714285714285715,888.0,1250.0,37.0,348.0,44.0,8.445945945945946,4.166666666666666,39.189189189189186,All-rounder,87.57142857142858,10.926126126126126,87.57142857142858
MS Wade,183.0,177.0,23.0,2.0,80.0,14.0,103.38983050847457,14.124293785310735,45.19774011299435,0.0,0.0,0.0,0.0,0.0,0.0,0.0,0.0,Limited-sample batter,66.89265536723164,4.800000000000001,66.89265536723164
MV Boucher,394.0,307.0,32.0,13.0,99.0,23.0,128.33876221498372,14.65798045602606,32.24755700325733,0.0,0.0,0.0,0.0,0.0,0.0,0.0,0.0,Anchor / accumulator,82.11726384364822,4.800000000000001,82.11726384364822
MW Short,177.0,142.0,21.0,5.0,62.0,9.0,124.64788732394365,18.30985915492958,43.66197183098591,43.0,62.0,0.0,16.0,5.0,8.651162790697674,0.0,37.2093023255814,All-rounder,79.08450704225352,8.781395348837211,79.08450704225352
Mandeep Singh,1706.0,1385.0,176.0,38.0,497.0,97.0,123.17689530685921,15.451263537906138,35.88447653429603,12.0,26.0,0.0,1.0,2.0,13.0,0.0,8.333333333333332,All-rounder,79.04693140794224,1.6666666666666665,79.04693140794224
Mashrafe Mortaza,2.0,2.0,0.0,0.0,1.0,1.0,100.0,0.0,50.0,24.0,54.0,0.0,6.0,1.0,13.5,0.0,25.0,All-rounder,60.0,5.0,60.0
Mayank Dagar,0.0,1.0,0.0,0.0,1.0,1.0,0.0,0.0,100.0,137.0,198.0,2.0,43.0,8.0,8.671532846715328,1.4598540145985401,31.386861313868614,All-rounder,0.0,8.192700729927008,8.192700729927008
Misbah-ul-Haq,117.0,81.0,10.0,6.0,28.0,8.0,144.44444444444443,19.753086419753085,34.5679012345679,0.0,0.0,0.0,0.0,0.0,0.0,0.0,0.0,Limited-sample batter,91.23456790123456,4.800000000000001,91.23456790123456
Mohammad Ashraful,2.0,10.0,0.0,0.0,7.0,1.0,20.0,0.0,70.0,0.0,0.0,0.0,0.0,0.0,0.0,0.0,0.0,Limited-sample batter,16.0,4.800000000000001,16.0
Mohammad Asif,3.0,6.0,0.0,0.0,3.0,2.0,50.0,0.0,50.0,192.0,289.0,8.0,64.0,8.0,9.03125,4.166666666666666,33.33333333333333,All-rounder,35.0,9.520833333333332,35.0
Mohammad Hafeez,64.0,83.0,7.0,2.0,46.0,8.0,77.10843373493977,10.843373493975903,55.42168674698795,60.0,61.0,2.0,22.0,4.0,6.1,3.3333333333333335,36.666666666666664,All-rounder,50.72289156626506,11.026666666666667,50.72289156626506
Mohammad Nabi,221.0,151.0,18.0,12.0,49.0,19.0,146.35761589403972,19.867549668874172,32.450331125827816,417.0,514.0,15.0,146.0,23.0,7.39568345323741,3.597122302158273,35.011990407673856,All-rounder,92.64900662251655,10.282973621103118,92.64900662251655
Mohammed Shami,115.0,111.0,9.0,5.0,50.0,34.0,103.60360360360362,12.612612612612612,45.04504504504504,2920.0,4050.0,145.0,1166.0,132.0,8.32191780821918,4.965753424657534,39.93150684931507,All-rounder,66.57657657657658,11.443835616438356,66.57657657657658
Mohammed Siraj,117.0,137.0,11.0,4.0,75.0,23.0,85.40145985401459,10.948905109489052,54.74452554744526,2672.0,3717.0,128.0,1111.0,125.0,8.346556886227546,4.790419161676647,41.57934131736527,All-rounder,55.036496350364956,11.693413173652695,55.036496350364956
Mohit Rathee,1.0,2.0,0.0,0.0,1.0,1.0,50.0,0.0,50.0,12.0,29.0,0.0,3.0,1.0,14.5,0.0,25.0,All-rounder,35.0,5.0,35.0
Mohsin Khan,25.0,28.0,2.0,1.0,16.0,7.0,89.28571428571429,10.714285714285714,57.14285714285714,654.0,888.0,38.0,272.0,30.0,8.146788990825689,5.81039755351682,41.59021406727829,All-rounder,56.42857142857143,12.183486238532112,56.42857142857143
Monu Kumar,0.0,0.0,0.0,0.0,0.0,0.0,0.0,0.0,0.0,12.0,16.0,0.0,4.0,1.0,8.0,0.0,33.33333333333333,Limited-sample bowler,20.0,8.266666666666666,20.0
Mujeeb Ur Rahman,12.0,15.0,2.0,0.0,7.0,6.0,80.0,13.333333333333334,46.666666666666664,446.0,587.0,20.0,151.0,20.0,7.896860986547084,4.484304932735426,33.856502242152466,All-rounder,54.66666666666667,10.206278026905832,54.66666666666667
Mukesh Choudhary,8.0,8.0,1.0,0.0,4.0,3.0,100.0,12.5,50.0,483.0,742.0,25.0,198.0,24.0,9.217391304347826,5.175983436853002,40.993788819875775,All-rounder,63.75,11.382194616977227,63.75
Mukesh Kumar,10.0,18.0,0.0,0.0,8.0,5.0,55.55555555555556,0.0,44.44444444444444,824.0,1400.0,42.0,270.0,42.0,10.194174757281553,5.097087378640777,32.76699029126214,All-rounder,38.88888888888889,9.314563106796118,38.88888888888889
Musheer Khan,0.0,3.0,0.0,0.0,3.0,1.0,0.0,0.0,100.0,12.0,27.0,1.0,1.0,1.0,13.5,8.333333333333332,8.333333333333332,All-rounder,0.0,5.0,5.0
Mustafizur Rahman,13.0,24.0,0.0,1.0,16.0,7.0,54.166666666666664,4.166666666666666,66.66666666666666,1364.0,1790.0,65.0,487.0,60.0,7.873900293255131,4.765395894428153,35.70381231671554,All-rounder,35.0,10.697360703812317,35.0
N Burger,14.0,9.0,0.0,1.0,2.0,3.0,155.55555555555557,11.11111111111111,22.22222222222222,363.0,545.0,21.0,146.0,18.0,9.008264462809917,5.785123966942149,40.22038567493113,All-rounder,96.66666666666667,11.55482093663912,96.66666666666667
N Jagadeesan,162.0,147.0,21.0,2.0,64.0,10.0,110.20408163265304,15.646258503401361,43.53741496598639,0.0,0.0,0.0,0.0,0.0,0.0,0.0,0.0,Limited-sample batter,71.08843537414965,4.800000000000001,71.08843537414965
N Pooran,2527.0,1538.0,169.0,186.0,519.0,100.0,164.3042912873862,23.08192457737321,33.74512353706112,0.0,0.0,0.0,0.0,0.0,0.0,0.0,0.0,Aggressive batter,102.32769830949285,4.800000000000001,102.32769830949285
N Rana,3078.0,2228.0,288.0,151.0,843.0,121.0,138.1508078994614,19.703770197486534,37.83662477558348,216.0,318.0,10.0,65.0,27.0,8.833333333333334,4.62962962962963,30.09259259259259,All-rounder,87.41921005385996,9.137037037037038,87.41921005385996
N Saini,140.0,140.0,16.0,0.0,63.0,10.0,100.0,11.428571428571429,45.0,0.0,0.0,0.0,0.0,0.0,0.0,0.0,0.0,Limited-sample batter,64.42857142857143,4.800000000000001,64.42857142857143
N Sindhu,63.0,50.0,7.0,2.0,22.0,5.0,126.0,18.0,44.0,0.0,0.0,0.0,0.0,0.0,0.0,0.0,0.0,Limited-sample batter,79.60000000000001,4.800000000000001,79.60000000000001
N Thushara,0.0,0.0,0.0,0.0,0.0,0.0,0.0,0.0,0.0,180.0,263.0,9.0,58.0,8.0,8.766666666666666,5.0,32.22222222222222,Limited-sample bowler,20.0,9.73777777777778,20.0
N Wadhera,784.0,557.0,64.0,43.0,203.0,37.0,140.754039497307,19.210053859964095,36.44524236983842,17.0,22.0,0.0,3.0,2.0,7.764705882352942,0.0,17.647058823529413,All-rounder,88.85098743267504,5.223529411764706,88.85098743267504
NA Saini,0.0,0.0,0.0,0.0,0.0,0.0,0.0,0.0,0.0,12.0,31.0,0.0,2.0,1.0,15.5,0.0,16.666666666666664,Limited-sample bowler,20.0,3.333333333333333,20.0
NB Singh,0.0,0.0,0.0,0.0,0.0,0.0,0.0,0.0,0.0,24.0,14.0,1.0,13.0,2.0,3.5,4.166666666666666,54.166666666666664,Limited-sample bowler,20.0,15.9,20.0
ND Doshi,0.0,13.0,0.0,0.0,13.0,1.0,0.0,0.0,100.0,56.0,78.0,2.0,24.0,4.0,8.357142857142858,3.571428571428571,42.857142857142854,All-rounder,0.0,11.457142857142857,11.457142857142857
NJ Maddinson,20.0,21.0,4.0,0.0,15.0,3.0,95.23809523809523,19.047619047619047,71.42857142857143,0.0,0.0,0.0,0.0,0.0,0.0,0.0,0.0,Limited-sample batter,59.047619047619044,4.800000000000001,59.047619047619044
NJ Rimmington,1.0,1.0,0.0,0.0,0.0,1.0,100.0,0.0,0.0,18.0,19.0,0.0,9.0,1.0,6.333333333333334,0.0,50.0,All-rounder,70.0,12.266666666666666,70.0
NK Patel,121.0,119.0,14.0,1.0,54.0,6.0,101.68067226890756,12.605042016806722,45.378151260504204,0.0,0.0,0.0,0.0,0.0,0.0,0.0,0.0,Limited-sample batter,65.54621848739495,4.800000000000001,65.54621848739495
NL McCullum,26.0,22.0,0.0,1.0,6.0,2.0,118.18181818181819,4.545454545454546,27.27272727272727,30.0,34.0,0.0,10.0,2.0,6.8,0.0,33.33333333333333,All-rounder,75.0,8.746666666666666,75.0
NLTC Perera,424.0,306.0,23.0,26.0,104.0,30.0,138.56209150326796,16.013071895424837,33.98692810457516,698.0,998.0,31.0,227.0,36.0,8.578796561604584,4.441260744985674,32.5214899713467,All-rounder,87.28758169934639,9.649283667621777,87.28758169934639
NM Coulter-Nile,82.0,72.0,7.0,4.0,35.0,16.0,113.88888888888889,15.277777777777779,48.61111111111111,857.0,1063.0,48.0,368.0,38.0,7.442240373395567,5.600933488914819,42.94049008168028,All-rounder,71.80555555555556,12.651575262543759,71.80555555555556
NS Naik,31.0,50.0,2.0,0.0,27.0,4.0,62.0,4.0,54.0,0.0,0.0,0.0,0.0,0.0,0.0,0.0,0.0,Limited-sample batter,41.400000000000006,4.800000000000001,41.400000000000006
NT Ellis,19.0,25.0,0.0,1.0,13.0,5.0,76.0,4.0,52.0,378.0,533.0,19.0,117.0,17.0,8.46031746031746,5.026455026455026,30.952380952380953,All-rounder,48.800000000000004,9.616931216931217,48.800000000000004
NV Ojha,1554.0,1308.0,121.0,79.0,581.0,94.0,118.80733944954129,15.29051987767584,44.41896024464832,0.0,0.0,0.0,0.0,0.0,0.0,0.0,0.0,Anchor / accumulator,75.10703363914374,4.800000000000001,75.10703363914374
Naman Dhir,710.0,432.0,68.0,36.0,123.0,33.0,164.35185185185185,24.074074074074073,28.47222222222222,52.0,75.0,0.0,11.0,5.0,8.653846153846153,0.0,21.153846153846153,All-rounder,103.70370370370371,5.56923076923077,103.70370370370371
Navdeep Saini,33.0,37.0,3.0,0.0,15.0,7.0,89.1891891891892,8.108108108108109,40.54054054054054,670.0,947.0,24.0,277.0,32.0,8.480597014925374,3.582089552238806,41.343283582089555,All-rounder,58.918918918918926,11.109253731343284,58.918918918918926
Naveen-ul-Haq,18.0,24.0,2.0,0.0,11.0,4.0,75.0,8.333333333333332,45.83333333333333,387.0,571.0,25.0,133.0,17.0,8.852713178294573,6.459948320413436,34.366925064599485,All-rounder,50.833333333333336,10.716279069767442,50.833333333333336
Nithish Kumar Reddy,787.0,540.0,50.0,46.0,171.0,35.0,145.74074074074076,17.77777777777778,31.666666666666664,325.0,553.0,13.0,92.0,26.0,10.209230769230768,4.0,28.307692307692307,All-rounder,91.87037037037038,7.977846153846155,91.87037037037038
Noor Ahmad,31.0,58.0,2.0,1.0,40.0,15.0,53.44827586206896,5.172413793103448,68.96551724137932,1098.0,1440.0,61.0,358.0,51.0,7.868852459016393,5.555555555555555,32.60473588342441,All-rounder,34.48275862068965,10.395628415300546,34.48275862068965
O Thomas,0.0,0.0,0.0,0.0,0.0,0.0,0.0,0.0,0.0,60.0,76.0,5.0,17.0,4.0,7.6,8.333333333333332,28.333333333333332,Limited-sample bowler,20.0,10.760000000000002,20.0
OA Shah,506.0,388.0,34.0,23.0,121.0,22.0,130.41237113402062,14.690721649484537,31.185567010309278,0.0,0.0,0.0,0.0,0.0,0.0,0.0,0.0,Anchor / accumulator,83.37628865979381,4.800000000000001,83.37628865979381
OC McCoy,8.0,5.0,0.0,1.0,2.0,1.0,160.0,20.0,40.0,161.0,231.0,11.0,49.0,8.0,8.608695652173912,6.832298136645963,30.434782608695656,All-rounder,98.0,10.176397515527952,98.0
OF Smith,51.0,44.0,1.0,5.0,23.0,6.0,115.90909090909092,13.636363636363635,52.27272727272727,90.0,173.0,6.0,35.0,6.0,11.533333333333333,6.666666666666667,38.88888888888889,All-rounder,71.5909090909091,10.631111111111112,71.5909090909091
P Amarnath,0.0,0.0,0.0,0.0,0.0,0.0,0.0,0.0,0.0,132.0,236.0,7.0,29.0,6.0,10.727272727272727,5.303030303030303,21.96969696969697,Limited-sample bowler,20.0,7.0242424242424235,20.0
P Awana,5.0,14.0,0.0,0.0,9.0,5.0,35.714285714285715,0.0,64.28571428571429,747.0,1000.0,39.0,293.0,33.0,8.032128514056225,5.220883534136546,39.223560910307896,All-rounder,25.0,11.520214190093707,25.0
P Chopra,8.0,6.0,2.0,0.0,4.0,1.0,133.33333333333331,33.33333333333333,66.66666666666666,0.0,0.0,0.0,0.0,0.0,0.0,0.0,0.0,Limited-sample batter,83.33333333333333,4.800000000000001,83.33333333333333
P Dogra,127.0,138.0,4.0,5.0,59.0,12.0,92.02898550724638,6.521739130434782,42.7536231884058,0.0,0.0,0.0,0.0,0.0,0.0,0.0,0.0,Limited-sample batter,59.42028985507247,4.800000000000001,59.42028985507247
P Dubey,23.0,33.0,2.0,0.0,16.0,2.0,69.6969696969697,6.0606060606060606,48.484848484848484,78.0,110.0,2.0,23.0,5.0,8.461538461538462,2.564102564102564,29.48717948717949,All-rounder,46.969696969696976,8.338461538461539,46.969696969696976
P Kumar,340.0,312.0,22.0,17.0,141.0,57.0,108.97435897435896,12.5,45.19230769230769,2524.0,3106.0,90.0,1075.0,119.0,7.38351822503962,3.565768621236133,42.591125198098254,All-rounder,69.19871794871794,11.791125198098257,69.19871794871794
P Negi,365.0,288.0,27.0,16.0,104.0,35.0,126.73611111111111,14.930555555555555,36.11111111111111,716.0,922.0,34.0,237.0,42.0,7.726256983240223,4.748603351955307,33.100558659217874,All-rounder,80.625,10.22905027932961,80.625
P Nissanka,278.0,173.0,33.0,12.0,64.0,10.0,160.6936416184971,26.011560693641616,36.99421965317919,0.0,0.0,0.0,0.0,0.0,0.0,0.0,0.0,Limited-sample batter,100.7514450867052,4.800000000000001,100.7514450867052
P Parameswaran,1.0,2.0,0.0,0.0,1.0,2.0,50.0,0.0,50.0,154.0,219.0,9.0,64.0,8.0,8.532467532467532,5.844155844155844,41.55844155844156,All-rounder,35.0,12.036363636363637,35.0
P Prasanth,0.0,0.0,0.0,0.0,0.0,0.0,0.0,0.0,0.0,6.0,18.0,0.0,3.0,1.0,18.0,0.0,50.0,Limited-sample bowler,20.0,10.0,20.0
P Ray Barman,19.0,24.0,2.0,0.0,11.0,1.0,79.16666666666666,8.333333333333332,45.83333333333333,24.0,56.0,0.0,2.0,1.0,14.0,0.0,8.333333333333332,All-rounder,52.916666666666664,1.6666666666666665,52.916666666666664
P Sahu,19.0,13.0,1.0,1.0,4.0,2.0,146.15384615384613,15.384615384615385,30.76923076923077,105.0,144.0,3.0,24.0,5.0,8.228571428571428,2.857142857142857,22.857142857142858,All-rounder,91.53846153846152,7.222857142857144,91.53846153846152
P Simran Singh,1865.0,1184.0,196.0,94.0,432.0,65.0,157.51689189189187,24.493243243243242,36.486486486486484,0.0,0.0,0.0,0.0,0.0,0.0,0.0,0.0,Aggressive batter,98.80912162162161,4.800000000000001,98.80912162162161
P Suyal,0.0,0.0,0.0,0.0,0.0,0.0,0.0,0.0,0.0,96.0,140.0,2.0,36.0,5.0,8.75,2.083333333333333,37.5,Limited-sample bowler,20.0,9.633333333333333,20.0
PA Patel,2848.0,2350.0,365.0,49.0,928.0,136.0,121.19148936170212,17.617021276595747,39.48936170212766,0.0,0.0,0.0,0.0,0.0,0.0,0.0,0.0,Anchor / accumulator,77.98297872340424,4.800000000000001,77.98297872340424
PA Reddy,164.0,160.0,15.0,2.0,65.0,10.0,102.49999999999999,10.625,40.625,0.0,0.0,0.0,0.0,0.0,0.0,0.0,0.0,Limited-sample batter,66.3125,4.800000000000001,66.3125
PBB Rajapaksa,277.0,190.0,22.0,15.0,64.0,13.0,145.78947368421055,19.473684210526315,33.68421052631579,0.0,0.0,0.0,0.0,0.0,0.0,0.0,0.0,Limited-sample batter,92.00000000000001,4.800000000000001,92.00000000000001
PC Valthaty,505.0,414.0,61.0,20.0,209.0,23.0,121.98067632850243,19.565217391304348,50.48309178743962,151.0,199.0,7.0,44.0,10.0,7.907284768211921,4.635761589403973,29.13907284768212,All-rounder,76.76328502415458,9.319205298013244,76.76328502415458
PD Collingwood,203.0,156.0,9.0,13.0,54.0,7.0,130.12820512820514,14.102564102564102,34.61538461538461,89.0,100.0,5.0,24.0,6.0,6.741573033707866,5.617977528089887,26.96629213483146,All-rounder,82.37179487179488,9.743820224719101,82.37179487179488
PD Salt,1258.0,715.0,138.0,67.0,237.0,40.0,175.94405594405595,28.671328671328673,33.14685314685315,0.0,0.0,0.0,0.0,0.0,0.0,0.0,0.0,Aggressive batter,109.94405594405595,4.800000000000001,109.94405594405595
PH Solanki,0.0,0.0,0.0,0.0,0.0,0.0,0.0,0.0,0.0,36.0,38.0,2.0,11.0,2.0,6.333333333333334,5.555555555555555,30.555555555555557,Limited-sample bowler,20.0,10.600000000000001,20.0
PHKD Mendis,92.0,68.0,7.0,2.0,20.0,5.0,135.29411764705884,13.23529411764706,29.411764705882355,42.0,60.0,2.0,11.0,4.0,8.571428571428571,4.761904761904762,26.190476190476193,All-rounder,85.73529411764707,8.514285714285716,85.73529411764707
PJ Cummins,642.0,419.0,40.0,44.0,150.0,51.0,153.2219570405728,20.047732696897373,35.79952267303103,1809.0,2580.0,87.0,645.0,80.0,8.557213930348258,4.809286898839138,35.65505804311774,All-rounder,95.4653937947494,10.431840796019902,95.4653937947494
PJ Sangwan,26.0,44.0,1.0,0.0,23.0,14.0,59.09090909090909,2.272727272727273,52.27272727272727,856.0,1182.0,38.0,319.0,42.0,8.285046728971963,4.439252336448598,37.26635514018692,All-rounder,39.77272727272727,10.714953271028037,39.77272727272727
PK Garg,273.0,238.0,16.0,9.0,83.0,19.0,114.70588235294117,10.504201680672269,34.87394957983193,0.0,0.0,0.0,0.0,0.0,0.0,0.0,0.0,Limited-sample batter,73.52941176470588,4.800000000000001,73.52941176470588
PM Sarvesh Kumar,1.0,2.0,0.0,0.0,1.0,1.0,50.0,0.0,50.0,30.0,41.0,1.0,11.0,2.0,8.2,3.3333333333333335,36.666666666666664,All-rounder,35.0,10.186666666666667,35.0
PN Mankad,97.0,72.0,13.0,2.0,28.0,5.0,134.72222222222223,20.833333333333336,38.88888888888889,0.0,0.0,0.0,0.0,0.0,0.0,0.0,0.0,Limited-sample batter,85.83333333333334,4.800000000000001,85.83333333333334
PP Chawla,624.0,561.0,56.0,20.0,226.0,86.0,111.22994652406418,13.547237076648841,40.28520499108734,3850.0,5027.0,192.0,1325.0,191.0,7.834285714285714,4.987012987012987,34.41558441558442,All-rounder,71.62210338680927,10.544207792207793,71.62210338680927
PP Hinge,3.0,9.0,0.0,0.0,6.0,2.0,33.33333333333333,0.0,66.66666666666666,156.0,293.0,14.0,60.0,7.0,11.26923076923077,8.974358974358974,38.46153846153847,All-rounder,23.333333333333332,11.574358974358976,23.333333333333332
PP Ojha,16.0,44.0,0.0,0.0,25.0,19.0,36.36363636363637,0.0,56.81818181818182,1899.0,2261.0,89.0,667.0,90.0,7.143759873617693,4.6866771985255395,35.12374934175882,All-rounder,26.81818181818182,10.841916798314902,26.81818181818182
PP Shaw,1892.0,1279.0,238.0,61.0,470.0,79.0,147.92806880375292,23.377638780297108,36.74745895230649,0.0,0.0,0.0,0.0,0.0,0.0,0.0,0.0,Aggressive batter,93.62783424550429,4.800000000000001,93.62783424550429
PR Shah,92.0,90.0,9.0,2.0,39.0,9.0,102.22222222222221,12.222222222222221,43.333333333333336,0.0,0.0,0.0,0.0,0.0,0.0,0.0,0.0,Limited-sample batter,66.1111111111111,4.800000000000001,66.1111111111111
PR Veer,90.0,67.0,10.0,3.0,23.0,5.0,134.32835820895522,19.402985074626866,34.32835820895522,12.0,25.0,0.0,5.0,1.0,12.5,0.0,41.66666666666667,All-rounder,86.11940298507463,8.333333333333334,86.11940298507463
PSP Handscomb,6.0,12.0,0.0,0.0,6.0,1.0,50.0,0.0,50.0,0.0,0.0,0.0,0.0,0.0,0.0,0.0,0.0,Limited-sample batter,35.0,4.800000000000001,35.0
PV Tambe,18.0,38.0,1.0,0.0,22.0,6.0,47.368421052631575,2.631578947368421,57.89473684210527,660.0,834.0,28.0,204.0,33.0,7.581818181818182,4.242424242424243,30.909090909090907,All-rounder,32.89473684210526,9.646060606060606,32.89473684210526
PVD Chameera,53.0,45.0,3.0,3.0,17.0,11.0,117.77777777777779,13.333333333333334,37.77777777777778,396.0,620.0,13.0,151.0,20.0,9.393939393939394,3.2828282828282833,38.131313131313135,All-rounder,75.33333333333334,9.981818181818182,75.33333333333334
PVSN Raju,1.0,1.0,0.0,0.0,0.0,1.0,100.0,0.0,0.0,24.0,48.0,1.0,3.0,2.0,12.0,4.166666666666666,12.5,All-rounder,70.0,4.166666666666666,70.0
PWA Mulder,9.0,11.0,1.0,0.0,5.0,1.0,81.81818181818183,9.090909090909092,45.45454545454545,6.0,16.0,0.0,1.0,1.0,16.0,0.0,16.666666666666664,All-rounder,54.54545454545455,3.333333333333333,54.54545454545455
PWH de Silva,81.0,88.0,7.0,1.0,41.0,19.0,92.04545454545455,9.090909090909092,46.590909090909086,798.0,1107.0,46.0,264.0,37.0,8.323308270676693,5.764411027568922,33.08270676691729,All-rounder,59.43181818181819,10.39298245614035,59.43181818181819
Pankaj Singh,7.0,12.0,0.0,0.0,6.0,5.0,58.333333333333336,0.0,50.0,300.0,453.0,11.0,111.0,17.0,9.06,3.6666666666666665,37.0,All-rounder,39.16666666666667,10.042666666666667,39.16666666666667
Parvez Rasool,17.0,20.0,1.0,0.0,6.0,4.0,85.0,5.0,30.0,198.0,268.0,4.0,60.0,11.0,8.121212121212121,2.0202020202020203,30.303030303030305,All-rounder,58.0,8.420202020202021,58.0
Prince Yadav,5.0,11.0,0.0,0.0,5.0,3.0,45.45454545454545,0.0,45.45454545454545,450.0,662.0,19.0,156.0,20.0,8.826666666666666,4.222222222222222,34.66666666666667,All-rounder,33.63636363636364,9.891555555555557,33.63636363636364
Priyansh Arya,909.0,469.0,87.0,63.0,156.0,31.0,193.81663113006397,31.982942430703627,33.26226012793177,0.0,0.0,0.0,0.0,0.0,0.0,0.0,0.0,Aggressive batter,119.85074626865672,4.800000000000001,119.85074626865672
Q de Kock,3444.0,2546.0,334.0,143.0,937.0,118.0,135.27101335428122,18.735271013354282,36.80282796543598,0.0,0.0,0.0,0.0,0.0,0.0,0.0,0.0,Anchor / accumulator,85.8955223880597,4.800000000000001,85.8955223880597
R Ashwin,833.0,703.0,64.0,29.0,240.0,93.0,118.49217638691323,13.229018492176387,34.13940256045519,4710.0,5458.0,187.0,1606.0,217.0,6.952866242038216,3.970276008492569,34.09766454352442,All-rounder,76.38691322901849,10.426496815286624,76.38691322901849
R Bhatia,342.0,284.0,24.0,13.0,97.0,47.0,120.4225352112676,13.028169014084506,34.154929577464785,1636.0,1986.0,71.0,436.0,91.0,7.28361858190709,4.3398533007334965,26.65036674816626,All-rounder,77.28873239436619,8.952567237163816,77.28873239436619
R Bishnoi,19.0,17.0,1.0,2.0,11.0,3.0,111.76470588235294,17.647058823529413,64.70588235294117,0.0,0.0,0.0,0.0,0.0,0.0,0.0,0.0,Limited-sample batter,68.23529411764706,4.800000000000001,68.23529411764706
R Dhawan,210.0,187.0,18.0,7.0,81.0,22.0,112.29946524064172,13.368983957219251,43.31550802139038,662.0,851.0,25.0,205.0,36.0,7.71299093655589,3.7764350453172204,30.966767371601208,All-rounder,71.49732620320856,9.418731117824773,71.49732620320856
R Dravid,2174.0,1878.0,269.0,28.0,746.0,82.0,115.76144834930777,15.814696485623003,39.72310969116081,0.0,0.0,0.0,0.0,0.0,0.0,0.0,0.0,Anchor / accumulator,74.68051118210863,4.800000000000001,74.68051118210863
R Goyal,0.0,0.0,0.0,0.0,0.0,0.0,0.0,0.0,0.0,24.0,33.0,0.0,6.0,1.0,8.25,0.0,25.0,Limited-sample bowler,20.0,6.5,20.0
R McLaren,159.0,171.0,14.0,1.0,65.0,13.0,92.98245614035088,8.771929824561402,38.01169590643275,354.0,520.0,12.0,116.0,18.0,8.813559322033898,3.389830508474576,32.7683615819209,All-rounder,61.52046783625731,9.18418079096045,61.52046783625731
R Minz,12.0,19.0,1.0,0.0,11.0,4.0,63.1578947368421,5.263157894736842,57.89473684210527,0.0,0.0,0.0,0.0,0.0,0.0,0.0,0.0,Limited-sample batter,41.57894736842105,4.800000000000001,41.57894736842105
R Ninan,3.0,5.0,0.0,0.0,2.0,1.0,60.0,0.0,40.0,36.0,65.0,3.0,8.0,2.0,10.833333333333334,8.333333333333332,22.22222222222222,All-rounder,42.0,8.244444444444444,42.0
R Parag,1879.0,1296.0,136.0,108.0,436.0,86.0,144.98456790123458,18.82716049382716,33.641975308641975,319.0,498.0,9.0,70.0,34.0,9.366771159874608,2.8213166144200628,21.9435736677116,All-rounder,91.41203703703705,6.570532915360502,91.41203703703705
R Powell,555.0,389.0,38.0,38.0,151.0,30.0,142.67352185089973,19.53727506426735,38.81748071979435,18.0,32.0,1.0,4.0,2.0,10.666666666666666,5.555555555555555,22.22222222222222,All-rounder,89.43444730077121,7.200000000000001,89.43444730077121
R Rampaul,51.0,49.0,3.0,2.0,22.0,7.0,104.08163265306123,10.204081632653061,44.89795918367347,268.0,299.0,16.0,130.0,12.0,6.6940298507462686,5.970149253731343,48.507462686567166,All-rounder,66.12244897959184,14.211940298507464,66.12244897959184
R Ravindra,413.0,284.0,40.0,16.0,92.0,18.0,145.4225352112676,19.718309859154928,32.3943661971831,12.0,7.0,0.0,5.0,2.0,3.5,0.0,41.66666666666667,All-rounder,92.14788732394365,11.733333333333334,92.14788732394365
R Sai Kishore,18.0,16.0,0.0,2.0,7.0,4.0,112.5,12.5,43.75,465.0,685.0,33.0,136.0,27.0,8.838709677419356,7.096774193548387,29.24731182795699,All-rounder,71.25,9.952688172043011,71.25
R Sanjay Yadav,0.0,2.0,0.0,0.0,2.0,1.0,0.0,0.0,100.0,12.0,21.0,0.0,6.0,1.0,10.5,0.0,50.0,All-rounder,0.0,10.6,10.6
R Sathish,270.0,230.0,22.0,6.0,79.0,24.0,117.3913043478261,12.173913043478262,34.34782608695652,139.0,227.0,3.0,30.0,14.0,9.798561151079138,2.158273381294964,21.58273381294964,All-rounder,75.47826086956522,6.060431654676259,75.47826086956522
R Sharma,66.0,75.0,5.0,3.0,43.0,19.0,88.0,10.666666666666668,57.333333333333336,928.0,1079.0,40.0,334.0,44.0,6.976293103448276,4.310344827586207,35.991379310344826,All-rounder,55.733333333333334,10.931896551724138,55.733333333333334
R Shepherd,268.0,150.0,18.0,22.0,49.0,19.0,178.66666666666666,26.666666666666668,32.666666666666664,360.0,682.0,17.0,98.0,28.0,11.366666666666667,4.722222222222222,27.22222222222222,All-rounder,110.8,7.586666666666667,110.8
R Shukla,19.0,23.0,2.0,0.0,10.0,4.0,82.6086956521739,8.695652173913043,43.47826086956522,120.0,198.0,5.0,38.0,7.0,9.899999999999999,4.166666666666666,31.666666666666664,All-rounder,55.21739130434783,8.84,55.21739130434783
R Smaran,19.0,25.0,3.0,0.0,15.0,4.0,76.0,12.0,60.0,0.0,0.0,0.0,0.0,0.0,0.0,0.0,0.0,Limited-sample batter,49.6,4.800000000000001,49.6
R Tewatia,1302.0,938.0,110.0,62.0,313.0,91.0,138.80597014925374,18.336886993603414,33.368869936034116,843.0,1088.0,32.0,264.0,52.0,7.7437722419928825,3.795966785290629,31.316725978647685,All-rounder,88.23027718550108,9.484223013048636,88.23027718550108
R Vinay Kumar,310.0,274.0,21.0,9.0,96.0,42.0,113.13868613138686,10.948905109489052,35.03649635036496,2127.0,2925.0,105.0,763.0,104.0,8.251057827926658,4.9365303244005645,35.87212035731076,All-rounder,72.84671532846716,10.648613070051717,72.84671532846716
RA Bawa,35.0,32.0,2.0,0.0,13.0,4.0,109.375,6.25,40.625,24.0,41.0,2.0,7.0,2.0,10.25,8.333333333333332,29.166666666666668,All-rounder,68.4375,9.866666666666667,68.4375
RA Jadeja,3526.0,2685.0,264.0,122.0,789.0,205.0,131.3221601489758,14.376163873370576,29.385474860335197,4254.0,5369.0,180.0,1342.0,237.0,7.572637517630465,4.231311706629055,31.54677950164551,All-rounder,84.09683426443203,9.772825575928538,84.09683426443203
RA Shaikh,0.0,0.0,0.0,0.0,0.0,0.0,0.0,0.0,0.0,6.0,11.0,0.0,1.0,1.0,11.0,0.0,16.666666666666664,Limited-sample bowler,20.0,3.733333333333333,20.0
RA Tripathi,2291.0,1655.0,229.0,85.0,575.0,98.0,138.42900302114805,18.972809667673715,34.74320241691843,6.0,12.0,0.0,0.0,1.0,12.0,0.0,0.0,All-rounder,87.95770392749246,0.0,87.95770392749246
RD Chahar,129.0,124.0,13.0,5.0,67.0,22.0,104.03225806451613,14.516129032258066,54.03225806451613,1694.0,2156.0,75.0,580.0,79.0,7.636363636363637,4.427390791027155,34.238488783943325,All-rounder,65.56451612903226,10.364108618654072,65.56451612903226
RD Gaikwad,2839.0,2083.0,260.0,107.0,709.0,84.0,136.29380700912145,17.61881901104177,34.03744599135862,0.0,0.0,0.0,0.0,0.0,0.0,0.0,0.0,Anchor / accumulator,86.62506000960153,4.800000000000001,86.62506000960153
RD Rickelton,836.0,495.0,78.0,55.0,185.0,26.0,168.88888888888889,26.86868686868687,37.37373737373738,0.0,0.0,0.0,0.0,0.0,0.0,0.0,0.0,Aggressive batter,105.03030303030303,4.800000000000001,105.03030303030303
RE Levi,83.0,73.0,10.0,4.0,36.0,6.0,113.69863013698631,19.17808219178082,49.31506849315068,0.0,0.0,0.0,0.0,0.0,0.0,0.0,0.0,Limited-sample batter,72.73972602739727,4.800000000000001,72.73972602739727
RE van der Merwe,159.0,141.0,11.0,8.0,61.0,15.0,112.7659574468085,13.47517730496454,43.262411347517734,443.0,486.0,21.0,148.0,21.0,6.582392776523703,4.740406320541761,33.40857787810384,All-rounder,71.77304964539006,10.744920993227993,71.77304964539006
RG More,2.0,2.0,0.0,0.0,0.0,1.0,100.0,0.0,0.0,35.0,57.0,1.0,4.0,2.0,9.771428571428572,2.857142857142857,11.428571428571429,All-rounder,70.0,4.32,70.0
RG Sharma,7331.0,5496.0,661.0,324.0,2022.0,275.0,133.38791848617174,17.92212518195051,36.790393013100434,339.0,438.0,15.0,88.0,32.0,7.7522123893805315,4.424778761061947,25.958702064896755,All-rounder,84.71251819505095,8.660766961651918,84.71251819505095
RJ Gleeson,2.0,2.0,0.0,0.0,0.0,1.0,100.0,0.0,0.0,68.0,105.0,2.0,24.0,3.0,9.264705882352942,2.941176470588235,35.294117647058826,All-rounder,70.0,9.329411764705883,70.0
RJ Harris,117.0,111.0,6.0,3.0,45.0,21.0,105.40540540540539,8.108108108108109,40.54054054054054,832.0,998.0,45.0,364.0,37.0,7.197115384615385,5.408653846153847,43.75,All-rounder,67.02702702702702,12.834615384615384,67.02702702702702
RJ Peterson,32.0,30.0,3.0,1.0,11.0,5.0,106.66666666666667,13.333333333333334,36.666666666666664,48.0,70.0,3.0,21.0,4.0,8.75,6.25,43.75,All-rounder,70.0,12.55,70.0
RJ Quiney,103.0,102.0,12.0,3.0,49.0,7.0,100.98039215686273,14.705882352941178,48.03921568627451,0.0,0.0,0.0,0.0,0.0,0.0,0.0,0.0,Limited-sample batter,65.29411764705883,4.800000000000001,65.29411764705883
RJW Topley,3.0,6.0,0.0,0.0,3.0,1.0,50.0,0.0,50.0,120.0,217.0,5.0,44.0,6.0,10.85,4.166666666666666,36.666666666666664,All-rounder,35.0,9.46,35.0
RK Bhui,10.0,26.0,0.0,0.0,18.0,4.0,38.46153846153847,0.0,69.23076923076923,0.0,0.0,0.0,0.0,0.0,0.0,0.0,0.0,Limited-sample batter,25.384615384615387,4.800000000000001,25.384615384615387
RK Singh,1398.0,948.0,115.0,67.0,300.0,62.0,147.46835443037975,19.198312236286917,31.645569620253166,0.0,0.0,0.0,0.0,0.0,0.0,0.0,0.0,Aggressive batter,93.16455696202532,4.800000000000001,93.16455696202532
RM Patidar,1612.0,978.0,106.0,110.0,271.0,52.0,164.82617586912065,22.085889570552148,27.709611451942738,0.0,0.0,0.0,0.0,0.0,0.0,0.0,0.0,Aggressive batter,103.49693251533742,4.800000000000001,103.49693251533742
RN ten Doeschate,326.0,235.0,26.0,15.0,71.0,21.0,138.72340425531914,17.4468085106383,30.21276595744681,78.0,88.0,2.0,22.0,10.0,6.769230769230769,2.564102564102564,28.205128205128204,All-rounder,88.5531914893617,8.75897435897436,88.5531914893617
RP Meredith,0.0,3.0,0.0,0.0,3.0,2.0,0.0,0.0,100.0,388.0,572.0,19.0,147.0,18.0,8.845360824742269,4.896907216494846,37.88659793814433,All-rounder,0.0,10.797938144329898,10.797938144329898
RP Singh,52.0,76.0,2.0,1.0,34.0,28.0,68.42105263157895,3.9473684210526314,44.73684210526316,1775.0,2236.0,90.0,744.0,82.0,7.55830985915493,5.070422535211268,41.91549295774648,All-rounder,46.44736842105263,12.187943661971833,46.44736842105263
RR Bhatkal,0.0,2.0,0.0,0.0,2.0,1.0,0.0,0.0,100.0,12.0,35.0,0.0,0.0,1.0,17.5,0.0,0.0,All-rounder,0.0,0.0,0.0
RR Bose,0.0,0.0,0.0,0.0,0.0,0.0,0.0,0.0,0.0,12.0,24.0,0.0,5.0,1.0,12.0,0.0,41.66666666666667,Limited-sample bowler,20.0,8.333333333333334,20.0
RR Pant,3879.0,2634.0,351.0,181.0,864.0,136.0,147.26651480637813,20.197418375094912,32.80182232346242,0.0,0.0,0.0,0.0,0.0,0.0,0.0,0.0,Aggressive batter,93.13211845102505,4.800000000000001,93.13211845102505
RR Powar,67.0,64.0,6.0,1.0,26.0,9.0,104.6875,10.9375,40.625,426.0,501.0,13.0,166.0,26.0,7.056338028169014,3.051643192488263,38.967136150234744,All-rounder,67.5,10.991549295774648,67.5
RR Raje,20.0,18.0,1.0,1.0,6.0,5.0,111.11111111111111,11.11111111111111,33.33333333333333,139.0,200.0,6.0,39.0,10.0,8.633093525179856,4.316546762589928,28.05755395683453,All-rounder,72.22222222222223,8.684892086330935,72.22222222222223
RR Rossouw,473.0,306.0,45.0,25.0,113.0,22.0,154.5751633986928,22.875816993464053,36.9281045751634,0.0,0.0,0.0,0.0,0.0,0.0,0.0,0.0,Aggressive batter,96.76470588235294,4.800000000000001,96.76470588235294
RR Sarwan,73.0,75.0,6.0,1.0,30.0,4.0,97.33333333333334,9.333333333333334,40.0,0.0,0.0,0.0,0.0,0.0,0.0,0.0,0.0,Limited-sample batter,63.46666666666667,4.800000000000001,63.46666666666667
RS Bopara,531.0,453.0,39.0,16.0,153.0,22.0,117.21854304635761,12.141280353200882,33.77483443708609,206.0,276.0,11.0,61.0,14.0,8.03883495145631,5.339805825242718,29.61165048543689,All-rounder,75.49668874172184,9.642718446601942,75.49668874172184
RS Gavaskar,2.0,8.0,0.0,0.0,6.0,1.0,25.0,0.0,75.0,6.0,8.0,0.0,2.0,1.0,8.0,0.0,33.33333333333333,All-rounder,17.5,8.266666666666666,17.5
RS Ghosh,0.0,0.0,0.0,0.0,0.0,0.0,0.0,0.0,0.0,18.0,24.0,1.0,6.0,1.0,8.0,5.555555555555555,33.33333333333333,Limited-sample bowler,20.0,10.488888888888889,20.0
RS Hangargekar,0.0,0.0,0.0,0.0,0.0,0.0,0.0,0.0,0.0,36.0,53.0,3.0,14.0,2.0,8.833333333333334,8.333333333333332,38.88888888888889,Limited-sample bowler,20.0,12.377777777777778,20.0
RS Sodhi,4.0,2.0,1.0,0.0,1.0,1.0,200.0,50.0,50.0,0.0,0.0,0.0,0.0,0.0,0.0,0.0,0.0,Limited-sample batter,125.0,4.800000000000001,125.0
RT Ponting,91.0,128.0,5.0,2.0,63.0,9.0,71.09375,5.46875,49.21875,0.0,0.0,0.0,0.0,0.0,0.0,0.0,0.0,Limited-sample batter,47.34375,4.800000000000001,47.34375
RV Gomez,50.0,51.0,5.0,1.0,22.0,9.0,98.0392156862745,11.76470588235294,43.13725490196079,96.0,128.0,5.0,37.0,9.0,8.0,5.208333333333334,38.54166666666667,All-rounder,63.92156862745098,11.39166666666667,63.92156862745098
RV Patel,80.0,73.0,6.0,2.0,25.0,7.0,109.58904109589041,10.95890410958904,34.24657534246575,18.0,20.0,0.0,5.0,1.0,6.666666666666667,0.0,27.77777777777778,All-rounder,71.23287671232876,7.68888888888889,71.23287671232876
RV Uthappa,4954.0,3784.0,481.0,182.0,1388.0,197.0,130.91966173361521,17.521141649048626,36.680761099365746,0.0,0.0,0.0,0.0,0.0,0.0,0.0,0.0,Anchor / accumulator,83.38002114164905,4.800000000000001,83.38002114164905
RW Price,0.0,0.0,0.0,0.0,0.0,0.0,0.0,0.0,0.0,18.0,33.0,0.0,1.0,1.0,11.0,0.0,5.555555555555555,Limited-sample bowler,20.0,1.511111111111111,20.0
Raghu Sharma,0.0,0.0,0.0,0.0,0.0,0.0,0.0,0.0,0.0,90.0,130.0,1.0,23.0,5.0,8.666666666666666,1.1111111111111112,25.555555555555554,Limited-sample bowler,20.0,6.888888888888889,20.0
Rahmanullah Gurbaz,363.0,268.0,34.0,22.0,125.0,18.0,135.44776119402985,20.8955223880597,46.64179104477612,0.0,0.0,0.0,0.0,0.0,0.0,0.0,0.0,Limited-sample batter,84.66417910447761,4.800000000000001,84.66417910447761
Ramandeep Singh,299.0,203.0,17.0,19.0,63.0,26.0,147.29064039408868,17.733990147783253,31.03448275862069,56.0,84.0,7.0,13.0,6.0,9.0,12.5,23.214285714285715,All-rounder,92.75862068965517,10.842857142857143,92.75862068965517
Rashid Khan,635.0,400.0,45.0,43.0,149.0,72.0,158.75,22.0,37.25,3543.0,4231.0,179.0,1257.0,153.0,7.165114309906858,5.052215636466271,35.47840812870449,All-rounder,98.52499999999999,11.050522156364664,98.52499999999999
Rasikh Salam,43.0,42.0,5.0,0.0,18.0,7.0,102.38095238095238,11.904761904761903,42.857142857142854,488.0,785.0,29.0,151.0,25.0,9.651639344262295,5.942622950819672,30.942622950819672,All-rounder,66.19047619047619,9.504918032786886,66.19047619047619
Ravi Bishnoi,45.0,69.0,2.0,2.0,43.0,18.0,65.21739130434783,5.797101449275362,62.31884057971014,1789.0,2423.0,83.0,599.0,85.0,8.126327557294578,4.639463387367244,33.4823923979877,All-rounder,41.8840579710145,10.101732811626608,41.8840579710145
Ravi Singh,4.0,2.0,1.0,0.0,1.0,1.0,200.0,50.0,50.0,0.0,0.0,0.0,0.0,0.0,0.0,0.0,0.0,Limited-sample batter,125.0,4.800000000000001,125.0
S Anirudha,136.0,112.0,9.0,7.0,41.0,12.0,121.42857142857142,14.285714285714285,36.607142857142854,0.0,0.0,0.0,0.0,0.0,0.0,0.0,0.0,Limited-sample batter,77.67857142857143,4.800000000000001,77.67857142857143
S Aravind,59.0,57.0,7.0,0.0,21.0,10.0,103.50877192982458,12.280701754385964,36.84210526315789,760.0,1007.0,45.0,290.0,38.0,7.949999999999999,5.921052631578947,38.15789473684211,All-rounder,68.0701754385965,11.620000000000001,68.0701754385965
S Arora,121.0,77.0,9.0,9.0,28.0,10.0,157.14285714285714,23.376623376623375,36.36363636363637,0.0,0.0,0.0,0.0,0.0,0.0,0.0,0.0,Limited-sample batter,98.3116883116883,4.800000000000001,98.3116883116883
S Badree,13.0,23.0,0.0,0.0,12.0,5.0,56.52173913043478,0.0,52.17391304347826,258.0,309.0,11.0,109.0,12.0,7.186046511627906,4.263565891472868,42.248062015503876,All-rounder,37.82608695652174,12.08062015503876,37.82608695652174
S Badrinath,1441.0,1208.0,154.0,28.0,431.0,65.0,119.28807947019868,15.066225165562914,35.67880794701987,0.0,0.0,0.0,0.0,0.0,0.0,0.0,0.0,Anchor / accumulator,77.02814569536424,4.800000000000001,77.02814569536424
S Chanderpaul,25.0,31.0,4.0,0.0,18.0,3.0,80.64516129032258,12.903225806451612,58.06451612903226,0.0,0.0,0.0,0.0,0.0,0.0,0.0,0.0,Limited-sample batter,52.58064516129032,4.800000000000001,52.58064516129032
S Dhawan,6769.0,5304.0,768.0,153.0,1879.0,221.0,127.6206636500754,17.36425339366516,35.42609351432881,48.0,65.0,4.0,17.0,6.0,8.125,8.333333333333332,35.41666666666667,All-rounder,81.93438914027149,11.966666666666669,81.93438914027149
S Dube,2129.0,1460.0,132.0,137.0,482.0,87.0,145.82191780821918,18.424657534246574,33.013698630136986,154.0,265.0,6.0,30.0,19.0,10.324675324675324,3.896103896103896,19.480519480519483,All-rounder,91.83561643835617,6.1246753246753265,91.83561643835617
S Gopal,180.0,169.0,19.0,2.0,65.0,22.0,106.50887573964498,12.42603550295858,38.46153846153847,991.0,1340.0,52.0,317.0,51.0,8.113017154389505,5.247225025227043,31.987891019172555,All-rounder,69.28994082840237,10.051261352169526,69.28994082840237
S Joseph,0.0,0.0,0.0,0.0,0.0,0.0,0.0,0.0,0.0,24.0,37.0,0.0,9.0,1.0,9.25,0.0,37.5,Limited-sample bowler,20.0,8.6,20.0
S Kaul,20.0,36.0,1.0,0.0,23.0,9.0,55.55555555555556,2.7777777777777777,63.888888888888886,1209.0,1706.0,58.0,387.0,55.0,8.46650124069479,4.797353184449959,32.00992555831266,All-rounder,35.833333333333336,9.7343258891646,35.833333333333336
S Kaushik,0.0,1.0,0.0,0.0,1.0,1.0,0.0,0.0,100.0,204.0,291.0,6.0,68.0,10.0,8.558823529411764,2.941176470588235,33.33333333333333,All-rounder,0.0,9.219607843137254,9.219607843137254
S Ladda,0.0,9.0,0.0,0.0,9.0,2.0,0.0,0.0,100.0,138.0,221.0,5.0,48.0,9.0,9.608695652173914,3.6231884057971016,34.78260869565217,All-rounder,0.0,9.36231884057971,9.36231884057971
S Lamichhane,0.0,1.0,0.0,0.0,1.0,1.0,0.0,0.0,100.0,210.0,291.0,13.0,75.0,9.0,8.314285714285713,6.190476190476191,35.714285714285715,All-rounder,0.0,11.093333333333334,11.093333333333334
S Midhun,0.0,0.0,0.0,0.0,0.0,0.0,0.0,0.0,0.0,12.0,26.0,0.0,3.0,1.0,13.0,0.0,25.0,Limited-sample bowler,20.0,5.0,20.0
S Nadeem,39.0,87.0,2.0,0.0,55.0,20.0,44.827586206896555,2.2988505747126435,63.2183908045977,1415.0,1753.0,48.0,453.0,70.0,7.43321554770318,3.3922261484098937,32.014134275618375,All-rounder,30.45977011494253,9.586431095406361,30.45977011494253
S Narwal,37.0,27.0,6.0,0.0,10.0,4.0,137.03703703703704,22.22222222222222,37.03703703703704,106.0,195.0,5.0,37.0,6.0,11.037735849056602,4.716981132075472,34.90566037735849,All-rounder,87.77777777777779,9.252830188679246,87.77777777777779
S Rana,91.0,79.0,9.0,1.0,30.0,8.0,115.18987341772151,12.658227848101266,37.9746835443038,16.0,18.0,0.0,5.0,3.0,6.75,0.0,31.25,All-rounder,73.79746835443038,8.35,73.79746835443038
S Randiv,2.0,4.0,0.0,0.0,3.0,1.0,50.0,0.0,75.0,174.0,217.0,6.0,60.0,8.0,7.482758620689656,3.4482758620689653,34.48275862068966,All-rounder,30.0,10.082758620689656,30.0
S Sandeep Warrier,0.0,0.0,0.0,0.0,0.0,0.0,0.0,0.0,0.0,168.0,245.0,8.0,72.0,10.0,8.75,4.761904761904762,42.857142857142854,Limited-sample bowler,20.0,11.776190476190475,20.0
S Sohal,368.0,289.0,34.0,18.0,130.0,20.0,127.33564013840831,17.99307958477509,44.982698961937714,0.0,0.0,0.0,0.0,0.0,0.0,0.0,0.0,Limited-sample batter,80.06920415224914,4.800000000000001,80.06920415224914
S Sreesanth,34.0,55.0,6.0,0.0,36.0,12.0,61.81818181818181,10.909090909090908,65.45454545454545,880.0,1112.0,40.0,399.0,44.0,7.581818181818182,4.545454545454546,45.34090909090909,All-rounder,41.09090909090909,12.653636363636364,41.09090909090909
S Sriram,31.0,36.0,3.0,0.0,15.0,2.0,86.11111111111111,8.333333333333332,41.66666666666667,18.0,49.0,0.0,2.0,2.0,16.333333333333336,0.0,11.11111111111111,All-rounder,57.22222222222222,2.2222222222222223,57.22222222222222
S Tyagi,3.0,4.0,0.0,0.0,1.0,1.0,75.0,0.0,25.0,209.0,284.0,6.0,93.0,14.0,8.15311004784689,2.8708133971291865,44.49760765550239,All-rounder,52.5,11.586602870813397,52.5
S Vidyut,145.0,109.0,21.0,3.0,48.0,8.0,133.0275229357798,22.018348623853214,44.03669724770643,12.0,21.0,1.0,5.0,1.0,10.5,8.333333333333332,41.66666666666667,All-rounder,84.31192660550458,12.266666666666667,84.31192660550458
SA Abbott,22.0,18.0,1.0,2.0,9.0,3.0,122.22222222222223,16.666666666666664,50.0,54.0,99.0,1.0,13.0,3.0,11.0,1.8518518518518516,24.074074074074073,All-rounder,76.11111111111111,5.955555555555556,76.11111111111111
SA Asnodkar,423.0,337.0,56.0,10.0,139.0,19.0,125.51928783382789,19.584569732937684,41.246290801186944,0.0,0.0,0.0,0.0,0.0,0.0,0.0,0.0,Anchor / accumulator,80.38575667655786,4.800000000000001,80.38575667655786
SA Yadav,4581.0,3072.0,482.0,178.0,1000.0,164.0,149.12109375,21.484375,32.55208333333333,6.0,8.0,0.0,2.0,1.0,8.0,0.0,33.33333333333333,All-rounder,94.49544270833334,8.266666666666666,94.49544270833334
SB Bangar,49.0,58.0,1.0,3.0,25.0,7.0,84.48275862068965,6.896551724137931,43.103448275862064,150.0,212.0,4.0,55.0,9.0,8.48,2.666666666666667,36.666666666666664,All-rounder,55.689655172413794,9.808,55.689655172413794
SB Dubey,220.0,142.0,17.0,13.0,44.0,17.0,154.92957746478874,21.12676056338028,30.985915492957744,0.0,0.0,0.0,0.0,0.0,0.0,0.0,0.0,Limited-sample batter,97.6056338028169,4.800000000000001,97.6056338028169
SB Jakati,28.0,29.0,3.0,0.0,11.0,5.0,96.55172413793103,10.344827586206897,37.93103448275862,1085.0,1422.0,47.0,337.0,57.0,7.863594470046083,4.331797235023042,31.05990783410138,All-rounder,63.793103448275865,9.599262672811061,63.793103448275865
SB Joshi,6.0,14.0,0.0,0.0,8.0,2.0,42.857142857142854,0.0,57.14285714285714,55.0,82.0,1.0,18.0,4.0,8.945454545454545,1.8181818181818181,32.72727272727273,All-rounder,30.0,8.494545454545456,30.0
SB Styris,131.0,132.0,10.0,3.0,48.0,10.0,99.24242424242425,9.848484848484848,36.36363636363637,216.0,270.0,8.0,83.0,11.0,7.5,3.7037037037037033,38.425925925925924,All-rounder,65.30303030303031,10.966666666666667,65.30303030303031
SB Wagh,2.0,3.0,0.0,0.0,2.0,2.0,66.66666666666666,0.0,66.66666666666666,102.0,131.0,5.0,45.0,8.0,7.7058823529411775,4.901960784313726,44.11764705882353,All-rounder,40.0,12.501960784313725,40.0
SC Ganguly,1349.0,1257.0,137.0,42.0,567.0,56.0,107.31901352426412,14.240254574383451,45.10739856801909,276.0,359.0,10.0,75.0,20.0,7.804347826086957,3.6231884057971016,27.173913043478258,All-rounder,68.91010342084328,8.56231884057971,68.91010342084328
SC Kuggeleijn,0.0,0.0,0.0,0.0,0.0,0.0,0.0,0.0,0.0,48.0,69.0,2.0,17.0,2.0,8.625,4.166666666666666,35.41666666666667,Limited-sample bowler,20.0,10.100000000000001,20.0
SD Chitnis,99.0,88.0,10.0,2.0,34.0,8.0,112.5,13.636363636363635,38.63636363636363,36.0,54.0,2.0,9.0,2.0,9.0,5.555555555555555,25.0,All-rounder,72.61363636363637,8.422222222222222,72.61363636363637
SD Hope,183.0,122.0,12.0,12.0,45.0,9.0,150.0,19.672131147540984,36.885245901639344,0.0,0.0,0.0,0.0,0.0,0.0,0.0,0.0,Limited-sample batter,93.52459016393442,4.800000000000001,93.52459016393442
SD Lad,15.0,13.0,1.0,1.0,8.0,1.0,115.38461538461537,15.384615384615385,61.53846153846154,0.0,0.0,0.0,0.0,0.0,0.0,0.0,0.0,Limited-sample batter,69.99999999999999,4.800000000000001,69.99999999999999
SE Bond,1.0,2.0,0.0,0.0,1.0,1.0,50.0,0.0,50.0,186.0,218.0,9.0,75.0,8.0,7.03225806451613,4.838709677419355,40.32258064516129,All-rounder,35.0,11.987096774193548,35.0
SE Marsh,2489.0,1866.0,269.0,78.0,647.0,69.0,133.38692390139335,18.595927116827436,34.67309753483387,0.0,0.0,0.0,0.0,0.0,0.0,0.0,0.0,Anchor / accumulator,85.33762057877813,4.800000000000001,85.33762057877813
SE Rutherford,520.0,362.0,30.0,38.0,132.0,27.0,143.646408839779,18.784530386740332,36.46408839779006,41.0,54.0,1.0,7.0,6.0,7.902439024390244,2.4390243902439024,17.073170731707318,All-rounder,90.1657458563536,6.029268292682927,90.1657458563536
SH Johnson,8.0,12.0,1.0,0.0,6.0,6.0,66.66666666666666,8.333333333333332,50.0,230.0,379.0,7.0,85.0,12.0,9.88695652173913,3.0434782608695654,36.95652173913043,All-rounder,45.83333333333333,9.45391304347826,45.83333333333333
SJ Srivastava,5.0,5.0,0.0,0.0,1.0,4.0,100.0,0.0,20.0,282.0,409.0,14.0,103.0,14.0,8.702127659574469,4.964539007092199,36.52482269503546,All-rounder,66.0,10.609929078014185,66.0
SK Raina,5536.0,4025.0,506.0,204.0,1276.0,200.0,137.54037267080744,17.63975155279503,31.70186335403727,908.0,1096.0,25.0,280.0,69.0,7.242290748898679,2.753303964757709,30.837004405286343,All-rounder,87.72173913043477,9.17180616740088,87.72173913043477
SK Rasheed,71.0,63.0,9.0,2.0,33.0,5.0,112.6984126984127,17.46031746031746,52.38095238095239,0.0,0.0,0.0,0.0,0.0,0.0,0.0,0.0,Limited-sample batter,71.1111111111111,4.800000000000001,71.1111111111111
SK Trivedi,42.0,58.0,3.0,1.0,34.0,14.0,72.41379310344827,6.896551724137931,58.620689655172406,1506.0,1840.0,65.0,492.0,75.0,7.330677290836654,4.316069057104914,32.669322709163346,All-rounder,46.55172413793103,10.128021248339973,46.55172413793103
SK Warne,198.0,213.0,14.0,6.0,95.0,27.0,92.95774647887323,9.389671361502346,44.60093896713615,1194.0,1408.0,57.0,426.0,54.0,7.075376884422111,4.773869346733668,35.678391959798994,All-rounder,60.37558685446009,11.015075376884422,60.37558685446009
SL Malinga,88.0,99.0,6.0,5.0,52.0,20.0,88.88888888888889,11.11111111111111,52.52525252525253,2827.0,3194.0,170.0,1144.0,122.0,6.778917580474001,6.013441811107181,40.46692607003891,All-rounder,57.27272727272727,12.587194906261054,57.27272727272727
SM Boland,0.0,0.0,0.0,0.0,0.0,0.0,0.0,0.0,0.0,42.0,53.0,2.0,14.0,2.0,7.571428571428571,4.761904761904762,33.33333333333333,Limited-sample bowler,20.0,10.342857142857142,20.0
SM Curran,997.0,725.0,85.0,41.0,244.0,53.0,137.51724137931035,17.379310344827587,33.6551724137931,1253.0,1978.0,59.0,394.0,63.0,9.471667996807662,4.708699122106943,31.444533120510776,All-rounder,87.24137931034484,9.183719074221868,87.24137931034484
SM Harwood,9.0,13.0,0.0,0.0,4.0,2.0,69.23076923076923,0.0,30.76923076923077,60.0,61.0,3.0,33.0,3.0,6.1,5.0,55.00000000000001,All-rounder,48.46153846153846,15.360000000000003,48.46153846153846
SM Katich,241.0,185.0,26.0,8.0,73.0,11.0,130.27027027027026,18.37837837837838,39.45945945945946,0.0,0.0,0.0,0.0,0.0,0.0,0.0,0.0,Limited-sample batter,82.75675675675676,4.800000000000001,82.75675675675676
SM Pollock,147.0,111.0,12.0,8.0,40.0,8.0,132.43243243243242,18.01801801801802,36.03603603603604,276.0,297.0,11.0,130.0,13.0,6.456521739130434,3.985507246376811,47.10144927536232,All-rounder,84.41441441441441,13.231884057971016,84.41441441441441
SMSM Senanayake,10.0,16.0,0.0,0.0,7.0,4.0,62.5,0.0,43.75,192.0,206.0,9.0,73.0,8.0,6.4375,4.6875,38.02083333333333,All-rounder,42.5,11.704166666666666,42.5
SN Khan,746.0,538.0,86.0,20.0,180.0,43.0,138.66171003717471,19.702602230483272,33.457249070631974,2.0,6.0,0.0,0.0,1.0,18.0,0.0,0.0,All-rounder,88.55018587360595,0.0,88.55018587360595
SN Thakur,349.0,262.0,32.0,13.0,92.0,43.0,133.206106870229,17.17557251908397,35.11450381679389,2202.0,3352.0,119.0,735.0,109.0,9.133514986376023,5.404178019981835,33.37874659400545,All-rounder,84.73282442748092,9.984014532243414,84.73282442748092
SO Hetmyer,1566.0,1044.0,99.0,96.0,332.0,85.0,150.0,18.67816091954023,31.800766283524908,0.0,0.0,0.0,0.0,0.0,0.0,0.0,0.0,Aggressive batter,94.24329501915709,4.800000000000001,94.24329501915709
SP Fleming,196.0,162.0,27.0,3.0,74.0,10.0,120.98765432098766,18.51851851851852,45.67901234567901,0.0,0.0,0.0,0.0,0.0,0.0,0.0,0.0,Limited-sample batter,76.91358024691358,4.800000000000001,76.91358024691358
SP Goswami,293.0,293.0,32.0,3.0,129.0,21.0,100.0,11.945392491467576,44.027303754266214,0.0,0.0,0.0,0.0,0.0,0.0,0.0,0.0,Limited-sample batter,64.77815699658703,4.800000000000001,64.77815699658703
SP Jackson,61.0,57.0,5.0,1.0,20.0,8.0,107.01754385964912,10.526315789473683,35.08771929824561,0.0,0.0,0.0,0.0,0.0,0.0,0.0,0.0,Limited-sample batter,69.64912280701753,4.800000000000001,69.64912280701753
SP Narine,1820.0,1099.0,191.0,120.0,456.0,122.0,165.60509554140128,28.29845313921747,41.49226569608736,4660.0,5178.0,209.0,1786.0,200.0,6.666952789699571,4.484978540772532,38.32618025751073,All-rounder,102.99363057324841,11.592446351931331,102.99363057324841
SPD Smith,2495.0,1931.0,226.0,60.0,577.0,93.0,129.20766442257897,14.810978767477993,29.880890730191613,2.0,5.0,0.0,0.0,1.0,15.0,0.0,0.0,All-rounder,83.07094769549457,0.0,83.07094769549457
SR Dubey,4.0,2.0,1.0,0.0,1.0,1.0,200.0,50.0,50.0,77.0,92.0,5.0,37.0,4.0,7.1688311688311686,6.493506493506493,48.05194805194805,All-rounder,125.0,14.14025974025974,125.0
SR Tendulkar,2334.0,1941.0,296.0,29.0,725.0,78.0,120.24729520865533,16.743946419371458,37.35188047398248,36.0,57.0,0.0,4.0,4.0,9.5,0.0,11.11111111111111,All-rounder,77.6764554353426,3.2222222222222223,77.6764554353426
SR Watson,3880.0,2801.0,377.0,190.0,1129.0,141.0,138.5219564441271,20.242770439128883,40.307033202427704,2029.0,2571.0,92.0,803.0,105.0,7.602759980285855,4.534253326761951,39.57614588467225,All-rounder,87.27240271331668,11.487826515524889,87.27240271331668
SS Agarwal,0.0,0.0,0.0,0.0,0.0,0.0,0.0,0.0,0.0,24.0,42.0,1.0,7.0,1.0,10.5,4.166666666666666,29.166666666666668,Limited-sample bowler,20.0,8.100000000000001,20.0
SS Cottrell,0.0,2.0,0.0,0.0,2.0,1.0,0.0,0.0,100.0,120.0,161.0,6.0,58.0,6.0,8.049999999999999,5.0,48.333333333333336,All-rounder,0.0,13.246666666666668,13.246666666666668
SS Iyer,4233.0,3085.0,354.0,182.0,999.0,144.0,137.21231766612644,17.374392220421395,32.38249594813614,6.0,7.0,0.0,4.0,1.0,7.0,0.0,66.66666666666666,All-rounder,87.34197730956242,15.333333333333332,87.34197730956242
SS Mishra,1.0,3.0,0.0,0.0,2.0,1.0,33.33333333333333,0.0,66.66666666666666,38.0,58.0,2.0,15.0,2.0,9.157894736842106,5.263157894736842,39.473684210526315,All-rounder,23.333333333333332,11.136842105263158,23.333333333333332
SS Mundhe,0.0,0.0,0.0,0.0,0.0,0.0,0.0,0.0,0.0,6.0,5.0,1.0,4.0,1.0,5.0,16.666666666666664,66.66666666666666,Limited-sample bowler,20.0,22.799999999999997,22.799999999999997
SS Prabhudessai,126.0,105.0,11.0,4.0,45.0,10.0,120.0,14.285714285714285,42.857142857142854,0.0,0.0,0.0,0.0,0.0,0.0,0.0,0.0,Limited-sample batter,75.71428571428572,4.800000000000001,75.71428571428572
SS Sarkar,0.0,0.0,0.0,0.0,0.0,0.0,0.0,0.0,0.0,25.0,34.0,1.0,4.0,2.0,8.16,4.0,16.0,Limited-sample bowler,20.0,6.336,20.0
SS Shaikh,6.0,7.0,1.0,0.0,4.0,1.0,85.71428571428571,14.285714285714285,57.14285714285714,0.0,0.0,0.0,0.0,0.0,0.0,0.0,0.0,Limited-sample batter,55.71428571428571,4.800000000000001,55.71428571428571
SS Tiwary,1494.0,1235.0,111.0,50.0,413.0,73.0,120.97165991902834,13.036437246963562,33.441295546558706,0.0,0.0,0.0,0.0,0.0,0.0,0.0,0.0,Anchor / accumulator,77.70850202429149,4.800000000000001,77.70850202429149
SSB Magala,0.0,0.0,0.0,0.0,0.0,0.0,0.0,0.0,0.0,36.0,50.0,1.0,5.0,2.0,8.333333333333332,2.7777777777777777,13.88888888888889,Limited-sample bowler,20.0,5.355555555555556,20.0
ST Jayasuriya,768.0,529.0,84.0,39.0,236.0,30.0,145.179584120983,23.251417769376182,44.61247637051039,294.0,375.0,13.0,83.0,21.0,7.653061224489796,4.421768707482993,28.2312925170068,All-rounder,90.64272211720228,9.15374149659864,90.64272211720228
STR Binny,880.0,682.0,66.0,35.0,239.0,66.0,129.03225806451613,14.809384164222875,35.043988269794724,594.0,741.0,22.0,199.0,63.0,7.484848484848484,3.7037037037037033,33.5016835016835,All-rounder,81.95014662756597,9.987878787878788,81.95014662756597
SU Parakh,46.0,33.0,5.0,2.0,14.0,4.0,139.3939393939394,21.21212121212121,42.42424242424242,0.0,0.0,0.0,0.0,0.0,0.0,0.0,0.0,Limited-sample batter,87.57575757575758,4.800000000000001,87.57575757575758
SV Samson,5181.0,3653.0,432.0,243.0,1215.0,185.0,141.8286339994525,18.47796331782097,33.260333972077746,0.0,0.0,0.0,0.0,0.0,0.0,0.0,0.0,Aggressive batter,89.805639200657,4.800000000000001,89.805639200657
SW Billings,503.0,385.0,40.0,20.0,129.0,27.0,130.64935064935065,15.584415584415584,33.506493506493506,0.0,0.0,0.0,0.0,0.0,0.0,0.0,0.0,Anchor / accumulator,83.2987012987013,4.800000000000001,83.2987012987013
SW Tait,23.0,26.0,1.0,1.0,11.0,5.0,88.46153846153845,7.6923076923076925,42.30769230769231,473.0,557.0,23.0,200.0,21.0,7.06553911205074,4.862579281183932,42.28329809725159,All-rounder,58.07692307692307,12.375475687103595,58.07692307692307
SZ Mulani,1.0,1.0,0.0,0.0,0.0,1.0,100.0,0.0,0.0,30.0,54.0,0.0,7.0,2.0,10.8,0.0,23.333333333333332,All-rounder,70.0,5.1466666666666665,70.0
Sachin Baby,144.0,115.0,11.0,5.0,43.0,11.0,125.21739130434784,13.91304347826087,37.391304347826086,10.0,8.0,2.0,5.0,2.0,4.800000000000001,20.0,50.0,All-rounder,79.30434782608697,20.88,79.30434782608697
Sakib Hussain,5.0,7.0,1.0,0.0,5.0,1.0,71.42857142857143,14.285714285714285,71.42857142857143,252.0,371.0,15.0,86.0,11.0,8.833333333333334,5.952380952380952,34.12698412698413,All-rounder,45.714285714285715,10.473015873015873,45.714285714285715
Salil Arora,35.0,21.0,2.0,2.0,5.0,1.0,166.66666666666669,19.047619047619047,23.809523809523807,0.0,0.0,0.0,0.0,0.0,0.0,0.0,0.0,Limited-sample batter,104.28571428571429,4.800000000000001,104.28571428571429
Salman Butt,193.0,160.0,30.0,2.0,70.0,7.0,120.625,20.0,43.75,0.0,0.0,0.0,0.0,0.0,0.0,0.0,0.0,Limited-sample batter,77.5625,4.800000000000001,77.5625
Sameer Rizvi,424.0,293.0,30.0,26.0,104.0,18.0,144.7098976109215,19.112627986348123,35.49488054607509,0.0,0.0,0.0,0.0,0.0,0.0,0.0,0.0,Limited-sample batter,90.98976109215018,4.800000000000001,90.98976109215018
Sandeep Sharma,60.0,74.0,4.0,0.0,28.0,26.0,81.08108108108108,5.405405405405405,37.83783783783784,3163.0,4174.0,151.0,1205.0,142.0,7.9177995573822315,4.7739487828011375,38.09674359785014,All-rounder,54.5945945945946,11.161808409737592,54.5945945945946
Sanvir Singh,25.0,21.0,2.0,1.0,7.0,5.0,119.04761904761905,14.285714285714285,33.33333333333333,0.0,0.0,0.0,0.0,0.0,0.0,0.0,0.0,Limited-sample batter,77.14285714285714,4.800000000000001,77.14285714285714
Saurav Chauhan,18.0,15.0,1.0,1.0,6.0,3.0,120.0,13.333333333333334,40.0,0.0,0.0,0.0,0.0,0.0,0.0,0.0,0.0,Limited-sample batter,76.0,4.800000000000001,76.0
Sediqullah Atal,22.0,16.0,0.0,2.0,5.0,1.0,137.5,12.5,31.25,0.0,0.0,0.0,0.0,0.0,0.0,0.0,0.0,Limited-sample batter,86.25,4.800000000000001,86.25
Shahbaz Ahmed,603.0,487.0,33.0,28.0,157.0,40.0,123.81930184804928,12.525667351129362,32.238193018480494,655.0,1049.0,27.0,168.0,50.0,9.609160305343512,4.122137404580153,25.64885496183206,All-rounder,79.21971252566735,7.734961832061069,79.21971252566735
Shahid Afridi,81.0,46.0,7.0,6.0,19.0,9.0,176.08695652173913,28.26086956521739,41.30434782608695,180.0,220.0,9.0,57.0,10.0,7.333333333333334,5.0,31.666666666666664,All-rounder,108.26086956521739,10.2,108.26086956521739
Shakib Al Hasan,795.0,635.0,73.0,21.0,201.0,52.0,125.19685039370079,14.803149606299213,31.65354330708661,1484.0,1802.0,63.0,504.0,70.0,7.285714285714285,4.245283018867925,33.9622641509434,All-rounder,80.70866141732284,10.376280323450136,80.70866141732284
Shashank Singh,905.0,560.0,67.0,51.0,142.0,42.0,161.60714285714286,21.071428571428573,25.357142857142854,90.0,137.0,5.0,21.0,8.0,9.133333333333333,5.555555555555555,23.333333333333332,All-rounder,102.05357142857143,8.035555555555556,102.05357142857143
Shivam Mavi,51.0,56.0,4.0,2.0,29.0,11.0,91.07142857142857,10.714285714285714,51.78571428571429,649.0,903.0,30.0,254.0,32.0,8.348228043143298,4.622496147919876,39.13713405238829,All-rounder,58.39285714285714,11.13713405238829,58.39285714285714
Shivam Sharma,5.0,3.0,1.0,0.0,1.0,2.0,166.66666666666669,33.33333333333333,33.33333333333333,114.0,165.0,4.0,37.0,5.0,8.68421052631579,3.508771929824561,32.45614035087719,All-rounder,106.66666666666669,9.221052631578948,106.66666666666669
Shivam Singh,2.0,3.0,0.0,0.0,1.0,1.0,66.66666666666666,0.0,33.33333333333333,0.0,0.0,0.0,0.0,0.0,0.0,0.0,0.0,Limited-sample batter,46.666666666666664,4.800000000000001,46.666666666666664
Shivang Kumar,53.0,45.0,6.0,1.0,19.0,6.0,117.77777777777779,15.555555555555555,42.22222222222222,234.0,369.0,9.0,62.0,13.0,9.461538461538462,3.8461538461538463,26.495726495726498,All-rounder,75.11111111111111,7.8529914529914535,75.11111111111111
Shoaib Ahmed,1.0,6.0,0.0,0.0,5.0,3.0,16.666666666666664,0.0,83.33333333333334,102.0,151.0,5.0,33.0,7.0,8.882352941176471,4.901960784313726,32.35294117647059,All-rounder,11.666666666666664,9.67843137254902,11.666666666666664
Shoaib Akhtar,2.0,7.0,0.0,0.0,5.0,1.0,28.57142857142857,0.0,71.42857142857143,42.0,50.0,5.0,23.0,3.0,7.142857142857142,11.904761904761903,54.761904761904766,All-rounder,20.0,17.65714285714286,20.0
Shoaib Malik,52.0,46.0,5.0,0.0,13.0,5.0,113.04347826086956,10.869565217391305,28.26086956521739,51.0,77.0,2.0,15.0,5.0,9.058823529411764,3.9215686274509802,29.411764705882355,All-rounder,74.13043478260869,8.627450980392158,74.13043478260869
Shubman Gill,4598.0,3223.0,446.0,152.0,982.0,130.0,142.66211604095562,18.55414210363016,30.468507601613403,0.0,0.0,0.0,0.0,0.0,0.0,0.0,0.0,Aggressive batter,90.80359913124418,4.800000000000001,90.80359913124418
Sikandar Raza,182.0,136.0,12.0,8.0,50.0,9.0,133.8235294117647,14.705882352941178,36.76470588235294,84.0,133.0,3.0,21.0,7.0,9.5,3.571428571428571,25.0,All-rounder,83.97058823529412,7.428571428571429,83.97058823529412
Simarjeet Singh,10.0,15.0,0.0,0.0,7.0,6.0,66.66666666666666,0.0,46.666666666666664,240.0,380.0,11.0,102.0,14.0,9.5,4.583333333333333,42.5,All-rounder,44.0,11.333333333333332,44.0
Sohail Tanvir,36.0,28.0,3.0,1.0,9.0,5.0,128.57142857142858,14.285714285714285,32.142857142857146,247.0,246.0,22.0,121.0,11.0,5.9757085020242915,8.906882591093117,48.987854251012145,All-rounder,82.14285714285715,15.77004048582996,82.14285714285715
Sumit Kumar,18.0,24.0,2.0,1.0,14.0,3.0,75.0,12.5,58.333333333333336,20.0,36.0,0.0,4.0,2.0,10.8,0.0,20.0,All-rounder,49.583333333333336,4.4799999999999995,49.583333333333336
Sunny Gupta,0.0,1.0,0.0,0.0,1.0,1.0,0.0,0.0,100.0,18.0,45.0,0.0,0.0,1.0,15.0,0.0,0.0,All-rounder,0.0,0.0,0.0
Sunny Singh,43.0,31.0,6.0,1.0,11.0,5.0,138.70967741935485,22.58064516129032,35.483870967741936,0.0,0.0,0.0,0.0,0.0,0.0,0.0,0.0,Limited-sample batter,89.03225806451613,4.800000000000001,89.03225806451613
Suryansh Shedge,165.0,101.0,9.0,12.0,29.0,10.0,163.36633663366337,20.792079207920793,28.71287128712871,18.0,39.0,0.0,1.0,1.0,13.0,0.0,5.555555555555555,All-rounder,102.17821782178218,1.1111111111111112,102.17821782178218
Suyash Sharma,0.0,0.0,0.0,0.0,0.0,0.0,0.0,0.0,0.0,803.0,1167.0,27.0,249.0,39.0,8.719800747198008,3.3623910336239105,31.008717310087174,Regular bowler,20.0,8.858779576587796,20.0
Swapnil Singh,51.0,45.0,3.0,3.0,19.0,9.0,113.33333333333333,13.333333333333334,42.22222222222222,162.0,238.0,7.0,39.0,14.0,8.814814814814815,4.320987654320987,24.074074074074073,All-rounder,72.22222222222223,7.817283950617284,72.22222222222223
T Banton,18.0,20.0,1.0,1.0,11.0,2.0,90.0,10.0,55.00000000000001,0.0,0.0,0.0,0.0,0.0,0.0,0.0,0.0,Limited-sample batter,57.0,4.800000000000001,57.0
T Dahiya,12.0,15.0,2.0,0.0,9.0,2.0,80.0,13.333333333333334,60.0,0.0,0.0,0.0,0.0,0.0,0.0,0.0,0.0,Limited-sample batter,52.0,4.800000000000001,52.0
T Henderson,11.0,15.0,0.0,1.0,10.0,2.0,73.33333333333333,6.666666666666667,66.66666666666666,36.0,40.0,1.0,14.0,2.0,6.666666666666667,2.7777777777777777,38.88888888888889,All-rounder,45.333333333333336,11.022222222222222,45.333333333333336
T Kohler-Cadmore,48.0,54.0,7.0,1.0,32.0,3.0,88.88888888888889,14.814814814814813,59.25925925925925,0.0,0.0,0.0,0.0,0.0,0.0,0.0,0.0,Limited-sample batter,57.03703703703704,4.800000000000001,57.03703703703704
T Kohli,11.0,19.0,0.0,1.0,13.0,3.0,57.89473684210527,5.263157894736842,68.42105263157895,0.0,0.0,0.0,0.0,0.0,0.0,0.0,0.0,Limited-sample batter,36.8421052631579,4.800000000000001,36.8421052631579
T Natarajan,4.0,7.0,0.0,0.0,3.0,3.0,57.14285714285714,0.0,42.857142857142854,1553.0,2295.0,73.0,465.0,73.0,8.866709594333548,4.700579523502898,29.94204764971024,All-rounder,40.0,9.121957501609788,40.0
T Shamsi,2.0,4.0,0.0,0.0,2.0,1.0,50.0,0.0,50.0,120.0,181.0,3.0,28.0,5.0,9.05,2.5,23.333333333333332,All-rounder,35.0,6.846666666666667,35.0
T Stubbs,986.0,647.0,69.0,47.0,155.0,43.0,152.39567233384855,17.928902627511594,23.956723338485318,36.0,68.0,4.0,12.0,5.0,11.333333333333332,11.11111111111111,33.33333333333333,All-rounder,96.78516228748069,11.377777777777778,96.78516228748069
T Taibu,31.0,26.0,3.0,0.0,9.0,3.0,119.23076923076923,11.538461538461538,34.61538461538461,0.0,0.0,0.0,0.0,0.0,0.0,0.0,0.0,Limited-sample batter,76.15384615384615,4.800000000000001,76.15384615384615
T Thushara,12.0,18.0,0.0,0.0,9.0,4.0,66.66666666666666,0.0,50.0,135.0,152.0,8.0,57.0,6.0,6.755555555555556,5.9259259259259265,42.22222222222222,All-rounder,43.33333333333333,12.912592592592592,43.33333333333333
T Vijay,0.0,0.0,0.0,0.0,0.0,0.0,0.0,0.0,0.0,12.0,29.0,0.0,2.0,1.0,14.5,0.0,16.666666666666664,Limited-sample bowler,20.0,3.333333333333333,20.0
TA Boult,93.0,85.0,5.0,4.0,36.0,26.0,109.41176470588236,10.588235294117647,42.35294117647059,2784.0,3817.0,145.0,1135.0,124.0,8.226293103448276,5.208333333333334,40.76867816091954,All-rounder,69.41176470588236,11.74655172413793,69.41176470588236
TD Paine,10.0,26.0,0.0,0.0,14.0,2.0,38.46153846153847,0.0,53.84615384615385,0.0,0.0,0.0,0.0,0.0,0.0,0.0,0.0,Limited-sample batter,28.461538461538467,4.800000000000001,28.461538461538467
TG Southee,120.0,106.0,8.0,4.0,45.0,19.0,113.20754716981132,11.320754716981133,42.45283018867924,1206.0,1682.0,47.0,447.0,54.0,8.368159203980099,3.897180762852405,37.06467661691542,All-rounder,71.50943396226415,10.424543946932008,71.50943396226415
TH David,1151.0,642.0,76.0,83.0,184.0,59.0,179.28348909657322,24.766355140186917,28.66043613707165,6.0,18.0,0.0,1.0,1.0,18.0,0.0,16.666666666666664,All-rounder,111.33956386292836,3.333333333333333,111.33956386292836
TK Curran,127.0,107.0,10.0,3.0,34.0,10.0,118.69158878504673,12.149532710280374,31.775700934579437,238.0,416.0,13.0,57.0,13.0,10.487394957983193,5.46218487394958,23.949579831932773,All-rounder,76.6355140186916,7.579831932773109,76.6355140186916
TL Seifert,45.0,41.0,6.0,1.0,21.0,6.0,109.75609756097562,17.073170731707318,51.21951219512195,0.0,0.0,0.0,0.0,0.0,0.0,0.0,0.0,Limited-sample batter,69.75609756097562,4.800000000000001,69.75609756097562
TL Suman,676.0,573.0,55.0,26.0,230.0,39.0,117.97556719022688,14.136125654450263,40.139616055846425,150.0,195.0,6.0,43.0,11.0,7.800000000000001,4.0,28.666666666666668,All-rounder,75.20069808027924,9.013333333333334,75.20069808027924
TM Dilshan,1153.0,1001.0,140.0,24.0,421.0,50.0,115.18481518481518,16.383616383616385,42.05794205794206,271.0,361.0,5.0,79.0,25.0,7.992619926199262,1.8450184501845017,29.15129151291513,All-rounder,74.0959040959041,8.171217712177121,74.0959040959041
TM Head,1556.0,907.0,172.0,78.0,300.0,52.0,171.55457552370453,27.56339581036384,33.0760749724366,64.0,120.0,3.0,10.0,7.0,11.25,4.6875,15.625,All-rounder,107.4310915104741,5.3,107.4310915104741
TM Srivastava,8.0,11.0,0.0,0.0,5.0,3.0,72.72727272727273,0.0,45.45454545454545,0.0,0.0,0.0,0.0,0.0,0.0,0.0,0.0,Limited-sample batter,47.27272727272728,4.800000000000001,47.27272727272728
TP Sudhindra,0.0,0.0,0.0,0.0,0.0,0.0,0.0,0.0,0.0,70.0,132.0,1.0,18.0,3.0,11.314285714285713,1.4285714285714286,25.71428571428571,Limited-sample bowler,20.0,5.988571428571428,20.0
TR Birt,75.0,57.0,9.0,2.0,24.0,5.0,131.57894736842107,19.298245614035086,42.10526315789473,0.0,0.0,0.0,0.0,0.0,0.0,0.0,0.0,Limited-sample batter,83.15789473684211,4.800000000000001,83.15789473684211
TS Mills,8.0,14.0,0.0,1.0,10.0,5.0,57.14285714285714,7.142857142857142,71.42857142857143,209.0,328.0,11.0,69.0,10.0,9.416267942583731,5.263157894736842,33.014354066985646,All-rounder,36.42857142857142,9.741626794258373,36.42857142857142
TU Deshpande,54.0,36.0,2.0,4.0,10.0,10.0,150.0,16.666666666666664,27.77777777777778,1103.0,1766.0,55.0,377.0,53.0,9.606527651858567,4.986400725294652,34.17951042611061,All-rounder,94.44444444444444,9.787851314596557,94.44444444444444
Tanush Kotian,24.0,31.0,3.0,0.0,17.0,1.0,77.41935483870968,9.67741935483871,54.83870967741935,0.0,0.0,0.0,0.0,0.0,0.0,0.0,0.0,Limited-sample batter,50.645161290322584,4.800000000000001,50.645161290322584
Tejas Baroka,0.0,0.0,0.0,0.0,0.0,0.0,0.0,0.0,0.0,21.0,33.0,0.0,6.0,1.0,9.428571428571429,0.0,28.57142857142857,Limited-sample bowler,20.0,6.742857142857143,20.0
Tilak Varma,1858.0,1278.0,143.0,91.0,381.0,65.0,145.3834115805947,18.30985915492958,29.812206572769952,22.0,27.0,0.0,8.0,4.0,7.363636363636363,0.0,36.36363636363637,All-rounder,92.22222222222224,9.127272727272729,92.22222222222224
U Kaul,0.0,1.0,0.0,0.0,1.0,1.0,0.0,0.0,100.0,0.0,0.0,0.0,0.0,0.0,0.0,0.0,0.0,Limited-sample batter,0.0,4.800000000000001,4.800000000000001
UA Birla,7.0,14.0,1.0,0.0,10.0,1.0,50.0,7.142857142857142,71.42857142857143,0.0,0.0,0.0,0.0,0.0,0.0,0.0,0.0,Limited-sample batter,32.857142857142854,4.800000000000001,32.857142857142854
UBT Chand,300.0,299.0,32.0,9.0,148.0,20.0,100.33444816053512,13.712374581939798,49.49832775919732,0.0,0.0,0.0,0.0,0.0,0.0,0.0,0.0,Limited-sample batter,64.38127090301003,4.800000000000001,64.38127090301003
UT Khawaja,127.0,99.0,14.0,3.0,36.0,6.0,128.2828282828283,17.17171717171717,36.36363636363637,0.0,0.0,0.0,0.0,0.0,0.0,0.0,0.0,Limited-sample batter,82.02020202020202,4.800000000000001,82.02020202020202
UT Yadav,208.0,201.0,16.0,9.0,93.0,48.0,103.48258706467661,12.437810945273633,46.26865671641791,3056.0,4185.0,144.0,1186.0,147.0,8.216623036649214,4.712041884816754,38.80890052356021,All-rounder,66.21890547263682,11.15994764397906,66.21890547263682
Umar Gul,39.0,19.0,1.0,5.0,6.0,4.0,205.26315789473685,31.57894736842105,31.57894736842105,135.0,166.0,12.0,51.0,6.0,7.377777777777778,8.88888888888889,37.77777777777778,All-rounder,125.78947368421053,12.96,125.78947368421053
Umran Malik,23.0,15.0,1.0,2.0,7.0,5.0,153.33333333333334,20.0,46.666666666666664,493.0,732.0,29.0,205.0,26.0,8.908722109533468,5.88235294117647,41.58215010141988,All-rounder,93.33333333333334,11.905882352941177,93.33333333333334
Urvil Patel,197.0,96.0,11.0,20.0,38.0,10.0,205.20833333333334,32.29166666666667,39.58333333333333,0.0,0.0,0.0,0.0,0.0,0.0,0.0,0.0,Limited-sample batter,124.375,4.800000000000001,124.375
V Kaverappa,0.0,0.0,0.0,0.0,0.0,0.0,0.0,0.0,0.0,24.0,36.0,2.0,11.0,1.0,9.0,8.333333333333332,45.83333333333333,Limited-sample bowler,20.0,13.7,20.0
V Kohli,9346.0,6911.0,847.0,317.0,2180.0,275.0,135.2336854290262,16.842714513095068,31.543915497033716,251.0,354.0,4.0,52.0,26.0,8.46215139442231,1.593625498007968,20.717131474103585,All-rounder,86.36087396903488,6.19601593625498,86.36087396903488
V Nigam,157.0,88.0,18.0,8.0,26.0,10.0,178.4090909090909,29.545454545454547,29.545454545454547,288.0,455.0,13.0,85.0,18.0,9.479166666666668,4.513888888888888,29.51388888888889,All-rounder,112.1590909090909,8.716666666666667,112.1590909090909
V Pratap Singh,0.0,1.0,0.0,0.0,1.0,1.0,0.0,0.0,100.0,204.0,289.0,10.0,71.0,9.0,8.5,4.901960784313726,34.80392156862745,All-rounder,0.0,10.321568627450981,10.321568627450981
V Puthur,0.0,0.0,0.0,0.0,0.0,0.0,0.0,0.0,0.0,72.0,108.0,6.0,24.0,5.0,9.0,8.333333333333332,33.33333333333333,Limited-sample bowler,20.0,11.2,20.0
V Sehwag,2728.0,1740.0,334.0,106.0,601.0,104.0,156.7816091954023,25.287356321839084,34.54022988505747,136.0,233.0,6.0,44.0,15.0,10.279411764705882,4.411764705882353,32.35294117647059,All-rounder,99.06896551724138,8.923529411764706,99.06896551724138
V Shankar,1233.0,947.0,88.0,48.0,287.0,63.0,130.20063357972543,14.361140443505807,30.30623020063358,238.0,323.0,9.0,80.0,22.0,8.142857142857142,3.7815126050420167,33.61344537815126,All-rounder,83.34741288278774,9.778151260504202,83.34741288278774
V Suryavanshi,1028.0,447.0,81.0,96.0,151.0,23.0,229.97762863534678,39.59731543624161,33.78076062639821,0.0,0.0,0.0,0.0,0.0,0.0,0.0,0.0,Aggressive batter,140.11185682326624,4.800000000000001,140.11185682326624
V Viyaskanth,7.0,5.0,0.0,0.0,0.0,1.0,140.0,0.0,0.0,60.0,86.0,1.0,16.0,3.0,8.6,1.6666666666666667,26.666666666666668,All-rounder,90.0,7.360000000000001,90.0
VG Arora,10.0,27.0,0.0,0.0,17.0,11.0,37.03703703703704,0.0,62.96296296296296,866.0,1340.0,47.0,306.0,42.0,9.28406466512702,5.427251732101617,35.33487297921478,All-rounder,25.925925925925927,10.324249422632795,25.925925925925927
VH Zol,29.0,26.0,3.0,1.0,13.0,2.0,111.53846153846155,15.384615384615385,50.0,0.0,0.0,0.0,0.0,0.0,0.0,0.0,0.0,Limited-sample batter,70.38461538461539,4.800000000000001,70.38461538461539
VR Aaron,50.0,71.0,2.0,2.0,42.0,12.0,70.4225352112676,5.633802816901409,59.154929577464785,994.0,1401.0,44.0,387.0,50.0,8.456740442655935,4.426559356136821,38.93360160965795,All-rounder,45.070422535211264,10.974647887323943,45.070422535211264
VR Iyer,1677.0,1180.0,157.0,78.0,426.0,62.0,142.11864406779662,19.915254237288135,36.10169491525424,81.0,140.0,3.0,15.0,9.0,10.37037037037037,3.7037037037037033,18.51851851851852,All-rounder,89.8135593220339,5.837037037037037,89.8135593220339
VRV Singh,4.0,3.0,1.0,0.0,1.0,2.0,133.33333333333331,33.33333333333333,33.33333333333333,360.0,531.0,12.0,114.0,18.0,8.850000000000001,3.3333333333333335,31.666666666666664,All-rounder,90.0,8.926666666666666,90.0
VS Malik,7.0,7.0,1.0,0.0,2.0,2.0,100.0,14.285714285714285,28.57142857142857,205.0,254.0,6.0,84.0,13.0,7.434146341463414,2.9268292682926833,40.97560975609756,All-rounder,68.57142857142857,11.19219512195122,68.57142857142857
VS Yeligati,2.0,2.0,0.0,0.0,1.0,1.0,100.0,0.0,50.0,30.0,53.0,0.0,6.0,2.0,10.6,0.0,20.0,All-rounder,60.0,4.5600000000000005,60.0
VVS Laxman,282.0,266.0,33.0,5.0,113.0,20.0,106.01503759398496,14.285714285714285,42.4812030075188,0.0,0.0,0.0,0.0,0.0,0.0,0.0,0.0,Limited-sample batter,68.796992481203,4.800000000000001,68.796992481203
VY Mahesh,15.0,27.0,0.0,0.0,13.0,5.0,55.55555555555556,0.0,48.148148148148145,339.0,478.0,21.0,120.0,17.0,8.460176991150442,6.1946902654867255,35.39823008849557,All-rounder,38.14814814814815,10.97345132743363,38.14814814814815
Vijaykumar Vyshak,16.0,16.0,0.0,1.0,6.0,6.0,100.0,6.25,37.5,519.0,871.0,26.0,142.0,25.0,10.06936416184971,5.009633911368015,27.360308285163775,All-rounder,64.375,8.248169556840077,64.375
Virat Singh,15.0,26.0,1.0,0.0,13.0,2.0,57.692307692307686,3.8461538461538463,50.0,0.0,0.0,0.0,0.0,0.0,0.0,0.0,0.0,Limited-sample batter,40.0,4.800000000000001,40.0
Vishnu Vinod,71.0,64.0,4.0,4.0,27.0,7.0,110.9375,12.5,42.1875,0.0,0.0,0.0,0.0,0.0,0.0,0.0,0.0,Limited-sample batter,70.78125,4.800000000000001,70.78125
Vivrant Sharma,69.0,47.0,9.0,2.0,14.0,1.0,146.80851063829786,23.404255319148938,29.78723404255319,18.0,34.0,0.0,5.0,2.0,11.333333333333332,0.0,27.77777777777778,All-rounder,94.46808510638297,5.822222222222224,94.46808510638297
W Jaffer,130.0,121.0,14.0,3.0,55.0,8.0,107.43801652892562,14.049586776859504,45.45454545454545,0.0,0.0,0.0,0.0,0.0,0.0,0.0,0.0,Limited-sample batter,68.84297520661157,4.800000000000001,68.84297520661157
W O'Rourke,0.0,0.0,0.0,0.0,0.0,0.0,0.0,0.0,0.0,62.0,129.0,6.0,15.0,3.0,12.483870967741936,9.67741935483871,24.193548387096776,Limited-sample bowler,20.0,8.70967741935484,20.0
WA Mota,56.0,75.0,2.0,0.0,27.0,8.0,74.66666666666667,2.666666666666667,36.0,72.0,94.0,4.0,24.0,7.0,7.833333333333334,5.555555555555555,33.33333333333333,All-rounder,50.93333333333334,10.555555555555555,50.93333333333334
WD Parnell,65.0,80.0,4.0,1.0,34.0,13.0,81.25,6.25,42.5,723.0,881.0,35.0,296.0,33.0,7.311203319502074,4.840940525587829,40.94052558782849,All-rounder,54.0,12.0,54.0
WG Jacks,602.0,377.0,50.0,38.0,127.0,26.0,159.6816976127321,23.342175066312997,33.687002652519894,191.0,298.0,10.0,62.0,19.0,9.361256544502618,5.2356020942408374,32.460732984293195,All-rounder,100.10610079575598,9.641884816753926,100.10610079575598
WP Saha,2934.0,2296.0,296.0,87.0,812.0,143.0,127.78745644599303,16.681184668989545,35.36585365853659,0.0,0.0,0.0,0.0,0.0,0.0,0.0,0.0,Anchor / accumulator,81.82491289198606,4.800000000000001,81.82491289198606
WPUJC Vaas,81.0,72.0,2.0,3.0,22.0,11.0,112.5,6.944444444444445,30.555555555555557,282.0,345.0,18.0,128.0,13.0,7.340425531914893,6.382978723404255,45.39007092198582,All-rounder,72.22222222222223,13.49503546099291,72.22222222222223
Washington Sundar,888.0,653.0,82.0,28.0,200.0,59.0,135.98774885145482,16.84532924961715,30.627871362940272,1174.0,1502.0,40.0,385.0,68.0,7.6763202725724025,3.4071550255536627,32.793867120954005,All-rounder,86.9218989280245,9.651107325383306,86.9218989280245
X Thalaivan Sargunam,10.0,17.0,0.0,0.0,9.0,1.0,58.82352941176471,0.0,52.94117647058824,0.0,0.0,0.0,0.0,0.0,0.0,0.0,0.0,Limited-sample batter,38.82352941176471,4.800000000000001,38.82352941176471
XC Bartlett,40.0,28.0,3.0,2.0,8.0,4.0,142.85714285714286,17.857142857142858,28.57142857142857,261.0,472.0,7.0,82.0,13.0,10.850574712643677,2.681992337164751,31.417624521072796,All-rounder,91.07142857142858,7.816091954022989,91.07142857142858
Y Gnaneswara Rao,19.0,17.0,3.0,0.0,8.0,1.0,111.76470588235294,17.647058823529413,47.05882352941176,6.0,7.0,0.0,3.0,1.0,7.0,0.0,50.0,All-rounder,71.76470588235294,12.0,71.76470588235294
Y Nagar,285.0,259.0,20.0,9.0,91.0,20.0,110.03861003861005,11.196911196911197,35.13513513513514,66.0,117.0,4.0,16.0,8.0,10.636363636363637,6.0606060606060606,24.242424242424242,All-rounder,71.35135135135135,7.818181818181818,71.35135135135135
Y Prithvi Raj,0.0,1.0,0.0,0.0,1.0,1.0,0.0,0.0,100.0,30.0,54.0,1.0,8.0,2.0,10.8,3.3333333333333335,26.666666666666668,All-rounder,0.0,7.146666666666667,7.146666666666667
Y Venugopal Rao,985.0,832.0,77.0,37.0,304.0,52.0,118.38942307692308,13.701923076923078,36.53846153846153,216.0,329.0,6.0,59.0,20.0,9.13888888888889,2.7777777777777777,27.314814814814813,All-rounder,75.99759615384616,7.718518518518518,75.99759615384616
YA Abdulla,0.0,1.0,0.0,0.0,0.0,1.0,0.0,0.0,0.0,209.0,294.0,15.0,88.0,11.0,8.440191387559809,7.177033492822966,42.10526315789473,All-rounder,20.0,12.715789473684211,20.0
YBK Jaiswal,2593.0,1692.0,311.0,110.0,643.0,82.0,153.25059101654844,24.88179669030733,38.002364066193856,1.0,6.0,0.0,0.0,1.0,36.0,0.0,0.0,All-rounder,96.48936170212765,0.0,96.48936170212765
YK Pathan,3222.0,2233.0,263.0,161.0,744.0,153.0,144.29019256605466,18.987908643081056,33.31840573219883,1147.0,1372.0,42.0,393.0,82.0,7.176983435047951,3.661726242371403,34.263295553618136,All-rounder,91.17778772951188,10.24655623365301,91.17778772951188
YS Chahal,37.0,86.0,0.0,0.0,52.0,17.0,43.02325581395349,0.0,60.46511627906976,4037.0,5265.0,233.0,1319.0,184.0,7.825117661629923,5.7716125836016845,32.67277681446619,All-rounder,29.418604651162795,10.513153331681943,29.418604651162795
YV Dhull,16.0,23.0,1.0,0.0,10.0,3.0,69.56521739130434,4.3478260869565215,43.47826086956522,0.0,0.0,0.0,0.0,0.0,0.0,0.0,0.0,Limited-sample batter,47.39130434782608,4.800000000000001,47.39130434782608
YV Takawale,192.0,177.0,26.0,3.0,89.0,10.0,108.47457627118644,16.38418079096045,50.282485875706215,0.0,0.0,0.0,0.0,0.0,0.0,0.0,0.0,Limited-sample batter,69.09604519774011,4.800000000000001,69.09604519774011
Yash Dayal,4.0,9.0,0.0,0.0,6.0,4.0,44.44444444444444,0.0,66.66666666666666,871.0,1333.0,41.0,307.0,43.0,9.182548794489092,4.707233065442021,35.246842709529275,All-rounder,28.88888888888889,10.059242250287028,28.88888888888889
Yash Raj Punja,0.0,0.0,0.0,0.0,0.0,0.0,0.0,0.0,0.0,180.0,273.0,9.0,47.0,8.0,9.1,5.0,26.111111111111114,Limited-sample bowler,20.0,8.382222222222223,20.0
Yash Thakur,0.0,0.0,0.0,0.0,0.0,0.0,0.0,0.0,0.0,467.0,787.0,27.0,146.0,22.0,10.11134903640257,5.781584582441114,31.263383297644538,Regular bowler,20.0,9.320770877944327,20.0
Yashpal Singh,47.0,65.0,5.0,0.0,37.0,4.0,72.3076923076923,7.6923076923076925,56.92307692307692,0.0,0.0,0.0,0.0,0.0,0.0,0.0,0.0,Limited-sample batter,47.07692307692308,4.800000000000001,47.07692307692308
Younis Khan,3.0,7.0,0.0,0.0,4.0,1.0,42.857142857142854,0.0,57.14285714285714,0.0,0.0,0.0,0.0,0.0,0.0,0.0,0.0,Limited-sample batter,30.0,4.800000000000001,30.0
Yudhvir Singh,22.0,16.0,1.0,2.0,8.0,4.0,137.5,18.75,50.0,138.0,242.0,8.0,54.0,9.0,10.521739130434783,5.797101449275362,39.130434782608695,All-rounder,84.375,10.736231884057972,84.375
Yuvraj Singh,2754.0,2115.0,218.0,149.0,864.0,126.0,130.2127659574468,17.35224586288416,40.85106382978723,869.0,1064.0,36.0,258.0,73.0,7.346375143843499,4.1426927502876865,29.689298043728424,All-rounder,82.1418439716312,9.45638665132336,82.1418439716312
Z Khan,117.0,140.0,11.0,2.0,71.0,27.0,83.57142857142857,9.285714285714286,50.71428571428571,2200.0,2691.0,102.0,873.0,99.0,7.339090909090909,4.636363636363637,39.68181818181818,All-rounder,54.42857142857143,11.655272727272727,54.42857142857143
Zeeshan Ansari,0.0,0.0,0.0,0.0,0.0,0.0,0.0,0.0,0.0,203.0,327.0,6.0,47.0,10.0,9.665024630541872,2.955665024630542,23.15270935960591,Limited-sample bowler,20.0,6.7467980295566505,20.0
